,Unnamed: 0,Tweets,Label,step01,tokens,final_tokens,step02,finalText_str,ProcessedText
0,0,"Ketua DPP PHRI DKI Jakarta Sutrisno Iwantono bilang, mereka bukan tak setuju dengan substansi melarang perzinahan.â€¦ https://t.co/T7Z9Gv9efg",1,ketua dpp phri dki jakarta sutrisno iwantono bilang mereka bukan tak setuju dengan substansi melarang perzinahan,"['ketua', 'dpp', 'phri', 'dki', 'jakarta', 'sutrisno', 'iwantono', 'bilang', 'mereka', 'bukan', 'tak', 'setuju', 'dengan', 'substansi', 'melarang', 'perzinahan']","['ketua', 'dpp', 'phri', 'dki', 'jakarta', 'sutrisno', 'iwantono', 'bilang', 'mereka', 'bukan', 'tak', 'setuju', 'dengan', 'substansi', 'melarang', 'perzinahan']",ketua dpp phri dki jakarta sutrisno iwantono bilang mereka bukan tak setuju dengan substansi melarang perzinahan,ketua dpp phri dki jakarta sutrisno iwantono bilang mereka bukan tak setuju dengan substansi melarang perzinahan,ketua dpp phri dki jakarta sutrisno iwantono bilang bukan tak tuju substansi larang perzinahan
1,1,"Soalnya, RKUHP yang baru berisi pasal perzinahan yang dianggap bisa merugikan industri pariwisata dan perhotelan.

| Narasi Daily",1,soalnya rkuhp yang baru berisi pasal perzinahan yang dianggap bisa merugikan industri pariwisata dan perhotelan narasi daily,"['soalnya', 'rkuhp', 'yang', 'baru', 'berisi', 'pasal', 'perzinahan', 'yang', 'dianggap', 'bisa', 'merugikan', 'industri', 'pariwisata', 'dan', 'perhotelan', 'narasi', 'daily']","['soalnya', 'rkuhp', 'yang', 'baru', 'berisi', 'pasal', 'perzinahan', 'yang', 'dianggap', 'bisa', 'merugikan', 'industri', 'pariwisata', 'dan', 'perhotelan', 'narasi', 'daily']",soalnya rkuhp yang baru berisi pasal perzinahan yang dianggap bisa merugikan industri pariwisata dan perhotelan narasi daily,soalnya rkuhp yang baru berisi pasal perzinahan yang dianggap bisa merugikan industri pariwisata dan perhotelan narasi daily,soal rkuhp baru isi pasal perzinahan anggap rugi industri pariwisata hotel narasi daily
2,2,"#Semuabisakena. Inget, kan, sama kampanye penolakan Rancangan Undang-Undang Kitab Hukum Pidana (RKUHP) ini. Kali inâ€¦ https://t.co/tfZAamEDaR",1,inget kan sama kampanye penolakan rancangan undang undang kitab hukum pidana rkuhp ini kali in,"['inget', 'kan', 'sama', 'kampanye', 'penolakan', 'rancangan', 'undang', 'undang', 'kitab', 'hukum', 'pidana', 'rkuhp', 'ini', 'kali', 'in']","['inget', 'kan', 'sama', 'kampanye', 'penolakan', 'rancangan', 'undang', 'undang', 'kitab', 'hukum', 'pidana', 'rkuhp', 'ini', 'kali', 'in']",inget kan sama kampanye penolakan rancangan undang undang kitab hukum pidana rkuhp ini kali in,inget kan sama kampanye penolakan rancangan undang undang kitab hukum pidana rkuhp ini kali in,inget kan sama kampanye tolak rancang undang undang kitab hukum pidana rkuhp kali in
3,3,"Gugatannya udah kalah. Selanjutnya, Pak Jokowi dan para menterinya harus gimana? Cek di video ya~ 

| Narasi Daily https://t.co/hGZI2HuXgI",1,gugatannya udah kalah selanjutnya pak jokowi dan para menterinya harus gimana cek di video ya narasi daily,"['gugatannya', 'udah', 'kalah', 'selanjutnya', 'pak', 'jokowi', 'dan', 'para', 'menterinya', 'harus', 'gimana', 'cek', 'di', 'video', 'ya', 'narasi', 'daily']","['gugatannya', 'udah', 'kalah', 'selanjutnya', 'pak', 'jokowi', 'dan', 'para', 'menterinya', 'harus', 'gimana', 'cek', 'di', 'video', 'ya', 'narasi', 'daily']",gugatannya udah kalah selanjutnya pak jokowi dan para menterinya harus gimana cek di video ya narasi daily,gugatannya udah kalah selanjutnya pak jokowi dan para menterinya harus gimana cek di video ya narasi daily,gugat udah kalah lanjut pak jokowi para menteri gimana cek video narasi daily
4,4,"Semoga aja amunisi Kominfo bisa efektif buat ngeberantas hoaks di medsos deh ya~ 

| Narasi Daily https://t.co/35JZVbWkHA",0,semoga aja amunisi kominfo bisa efektif buat ngeberantas hoaks di medsos deh ya narasi daily,"['semoga', 'aja', 'amunisi', 'kominfo', 'bisa', 'efektif', 'buat', 'ngeberantas', 'hoaks', 'di', 'medsos', 'deh', 'ya', 'narasi', 'daily']","['semoga', 'aja', 'amunisi', 'kominfo', 'bisa', 'efektif', 'buat', 'ngeberantas', 'hoaks', 'di', 'medsos', 'deh', 'ya', 'narasi', 'daily']",semoga aja amunisi kominfo bisa efektif buat ngeberantas hoaks di medsos deh ya narasi daily,semoga aja amunisi kominfo bisa efektif buat ngeberantas hoaks di medsos deh ya narasi daily,moga aja amunisi kominfo efektif buat ngeberantas hoaks medsos deh narasi daily
5,5,"Menurut LBH Bogor, Irwansyah, pemerintah Kota Bogor bisa digugat karena dianggap lalai mengelola fasilitas umum, daâ€¦ https://t.co/grZpu5hfrI",1,menurut lbh bogor irwansyah pemerintah kota bogor bisa digugat karena dianggap lalai mengelola fasilitas umum da,"['menurut', 'lbh', 'bogor', 'irwansyah', 'pemerintah', 'kota', 'bogor', 'bisa', 'digugat', 'karena', 'dianggap', 'lalai', 'mengelola', 'fasilitas', 'umum', 'da']","['menurut', 'lbh', 'bogor', 'irwansyah', 'pemerintah', 'kota', 'bogor', 'bisa', 'digugat', 'karena', 'dianggap', 'lalai', 'mengelola', 'fasilitas', 'umum', 'da']",menurut lbh bogor irwansyah pemerintah kota bogor bisa digugat karena dianggap lalai mengelola fasilitas umum da,menurut lbh bogor irwansyah pemerintah kota bogor bisa digugat karena dianggap lalai mengelola fasilitas umum da,lbh bogor irwansyah perintah kota bogor gugat anggap lalai kelola fasilitas umum da
6,6,"â€œHarapan saya untuk Arema, yang meninggal dan jadi korban itu suportermu. Mereka yang mendukungmu secara materiil dâ€¦ https://t.co/Vy9ZPMGEvi",0,harapan saya untuk arema yang meninggal dan jadi korban itu suportermu mereka yang mendukungmu secara materiil,"['harapan', 'saya', 'untuk', 'arema', 'yang', 'meninggal', 'dan', 'jadi', 'korban', 'itu', 'suportermu', 'mereka', 'yang', 'mendukungmu', 'secara', 'materiil']","['harapan', 'saya', 'untuk', 'arema', 'yang', 'meninggal', 'dan', 'jadi', 'korban', 'itu', 'suportermu', 'mereka', 'yang', 'mendukungmu', 'secara', 'materiil']",harapan saya untuk arema yang meninggal dan jadi korban itu suportermu mereka yang mendukungmu secara materiil,harapan saya untuk arema yang meninggal dan jadi korban itu suportermu mereka yang mendukungmu secara materiil,harap untuk arema tinggal jadi korban suporter yang dukung materiil
7,7,"Kayaknya di luaran sana gampang banget ya buat ngakuin kesalahan terus mundur dari jabatan. 

Beda gitu loh~ 

| Naâ€¦ https://t.co/XgnIT14dQK",1,kayaknya di luaran sana gampang banget ya buat ngakuin kesalahan terus mundur dari jabatan beda gitu loh na,"['kayaknya', 'di', 'luaran', 'sana', 'gampang', 'banget', 'ya', 'buat', 'ngakuin', 'kesalahan', 'terus', 'mundur', 'dari', 'jabatan', 'beda', 'gitu', 'loh', 'na']","['kayaknya', 'di', 'luaran', 'sana', 'gampang', 'banget', 'ya', 'buat', 'ngakuin', 'kesalahan', 'terus', 'mundur', 'dari', 'jabatan', 'beda', 'gitu', 'loh', 'na']",kayaknya di luaran sana gampang banget ya buat ngakuin kesalahan terus mundur dari jabatan beda gitu loh na,kayaknya di luaran sana gampang banget ya buat ngakuin kesalahan terus mundur dari jabatan beda gitu loh na,kayak luar sana gampang banget buat ngakuin salah terus mundur jabat beda gitu na
8,8,Izin dulu buat pake lagunya ke .Feast bisa kali ya. Apalagi buat keperluan politik. Ini kaitannya sama hak moral daâ€¦ https://t.co/Sknj6CF0Pe,1,izin dulu buat pake lagunya ke feast bisa kali ya apalagi buat keperluan politik ini kaitannya sama hak moral da,"['izin', 'dulu', 'buat', 'pake', 'lagunya', 'ke', 'feast', 'bisa', 'kali', 'ya', 'apalagi', 'buat', 'keperluan', 'politik', 'ini', 'kaitannya', 'sama', 'hak', 'moral', 'da']","['izin', 'dulu', 'buat', 'pake', 'lagunya', 'ke', 'feast', 'bisa', 'kali', 'ya', 'apalagi', 'buat', 'keperluan', 'politik', 'ini', 'kaitannya', 'sama', 'hak', 'moral', 'da']",izin dulu buat pake lagunya ke feast bisa kali ya apalagi buat keperluan politik ini kaitannya sama hak moral da,izin dulu buat pake lagunya ke feast bisa kali ya apalagi buat keperluan politik ini kaitannya sama hak moral da,izin dulu buat pake lagu feast kali apalagi buat perlu politik kait sama hak moral da
9,9,Apa sih etilen glikol dan dietilen glikol yang menyebabkan ratusan kasus gagal ginjal akut pada anak di Indonesia?â€¦ https://t.co/VXamTS1gkk,0,apa sih etilen glikol dan dietilen glikol yang menyebabkan ratusan kasus gagal ginjal akut pada anak di indonesia,"['apa', 'sih', 'etilen', 'glikol', 'dan', 'dietilen', 'glikol', 'yang', 'menyebabkan', 'ratusan', 'kasus', 'gagal', 'ginjal', 'akut', 'pada', 'anak', 'di', 'indonesia']","['apa', 'sih', 'etilen', 'glikol', 'dan', 'dietilen', 'glikol', 'yang', 'menyebabkan', 'ratusan', 'kasus', 'gagal', 'ginjal', 'akut', 'pada', 'anak', 'di', 'indonesia']",apa sih etilen glikol dan dietilen glikol yang menyebabkan ratusan kasus gagal ginjal akut pada anak di indonesia,apa sih etilen glikol dan dietilen glikol yang menyebabkan ratusan kasus gagal ginjal akut pada anak di indonesia,apa etilen glikol dietilen glikol sebab ratus kasus gagal ginjal akut anak indonesia
10,10,"Tidak cuma keluarga, Nanda, sahabat Revan pun merasa teramat kehilangan. Impian mereka berdua untuk bersama-sama tuâ€¦ https://t.co/CJEsDGcHHV",0,tidak cuma keluarga nanda sahabat revan pun merasa teramat kehilangan impian mereka berdua untuk bersama sama tu,"['tidak', 'cuma', 'keluarga', 'nanda', 'sahabat', 'revan', 'pun', 'merasa', 'teramat', 'kehilangan', 'impian', 'mereka', 'berdua', 'untuk', 'bersama', 'sama', 'tu']","['tidak', 'cuma', 'keluarga', 'nanda', 'sahabat', 'revan', 'pun', 'merasa', 'teramat', 'kehilangan', 'impian', 'mereka', 'berdua', 'untuk', 'bersama', 'sama', 'tu']",tidak cuma keluarga nanda sahabat revan pun merasa teramat kehilangan impian mereka berdua untuk bersama sama tu,tidak cuma keluarga nanda sahabat revan pun merasa teramat kehilangan impian mereka berdua untuk bersama sama tu,cuma keluarga nanda sahabat revan rasa amat hilang impi dua sama sama tu
11,11,"Dua hari sebelum peristiwa, Revan sudah berpamitan pada ayahnya untuk menonton langsung di Stadion Kanjuruhan.

Namâ€¦ https://t.co/ypcsUcnX61",0,dua hari sebelum peristiwa revan sudah berpamitan pada ayahnya untuk menonton langsung di stadion kanjuruhan nam,"['dua', 'hari', 'sebelum', 'peristiwa', 'revan', 'sudah', 'berpamitan', 'pada', 'ayahnya', 'untuk', 'menonton', 'langsung', 'di', 'stadion', 'kanjuruhan', 'nam']","['dua', 'hari', 'sebelum', 'peristiwa', 'revan', 'sudah', 'berpamitan', 'pada', 'ayahnya', 'untuk', 'menonton', 'langsung', 'di', 'stadion', 'kanjuruhan', 'nam']",dua hari sebelum peristiwa revan sudah berpamitan pada ayahnya untuk menonton langsung di stadion kanjuruhan nam,dua hari sebelum peristiwa revan sudah berpamitan pada ayahnya untuk menonton langsung di stadion kanjuruhan nam,hari peristiwa revan pamit ayah tonton langsung stadion kanjuruhan nam
12,12,"RT @narasitv: Duka Kanjuruhan, Duka Mereka yang Kehilangan
https://t.co/T8vNf1K6Cr

Peristiwa Kanjuruhan meninggalkan duka bagi banyak oranâ€¦",0,narasitv duka kanjuruhan duka mereka yang kehilangan peristiwa kanjuruhan meninggalkan duka bagi banyak oran,"['narasitv', 'duka', 'kanjuruhan', 'duka', 'mereka', 'yang', 'kehilangan', 'peristiwa', 'kanjuruhan', 'meninggalkan', 'duka', 'bagi', 'banyak', 'oran']","['narasitv', 'duka', 'kanjuruhan', 'duka', 'mereka', 'yang', 'kehilangan', 'peristiwa', 'kanjuruhan', 'meninggalkan', 'duka', 'bagi', 'banyak', 'oran']",narasitv duka kanjuruhan duka mereka yang kehilangan peristiwa kanjuruhan meninggalkan duka bagi banyak oran,narasitv duka kanjuruhan duka mereka yang kehilangan peristiwa kanjuruhan meninggalkan duka bagi banyak oran,narasitv duka kanjuruhan duka yang hilang peristiwa kanjuruhan tinggal duka banyak oran
13,13,"Sering banget denger resesi dari para pejabat. Sebenarnya berapa kali, sih, ekonomi dunia pernah resesi? Cek datanyâ€¦ https://t.co/BOkPIq16vv",1,sering banget denger resesi dari para pejabat sebenarnya berapa kali sih ekonomi dunia pernah resesi cek datany,"['sering', 'banget', 'denger', 'resesi', 'dari', 'para', 'pejabat', 'sebenarnya', 'berapa', 'kali', 'sih', 'ekonomi', 'dunia', 'pernah', 'resesi', 'cek', 'datany']","['sering', 'banget', 'denger', 'resesi', 'dari', 'para', 'pejabat', 'sebenarnya', 'berapa', 'kali', 'sih', 'ekonomi', 'dunia', 'pernah', 'resesi', 'cek', 'datany']",sering banget denger resesi dari para pejabat sebenarnya berapa kali sih ekonomi dunia pernah resesi cek datany,sering banget denger resesi dari para pejabat sebenarnya berapa kali sih ekonomi dunia pernah resesi cek datany,sering banget denger resesi para jabat benar berapa kali ekonomi dunia pernah resesi cek datany
14,14,"Menkes menyebut penyebab gagal ginjal akut masih belum dapat diidentifikasi. Namun, setelah sempat dikaitkan denganâ€¦ https://t.co/7TzluKmVYt",0,menkes menyebut penyebab gagal ginjal akut masih belum dapat diidentifikasi namun setelah sempat dikaitkan dengan,"['menkes', 'menyebut', 'penyebab', 'gagal', 'ginjal', 'akut', 'masih', 'belum', 'dapat', 'diidentifikasi', 'namun', 'setelah', 'sempat', 'dikaitkan', 'dengan']","['menkes', 'menyebut', 'penyebab', 'gagal', 'ginjal', 'akut', 'masih', 'belum', 'dapat', 'diidentifikasi', 'namun', 'setelah', 'sempat', 'dikaitkan', 'dengan']",menkes menyebut penyebab gagal ginjal akut masih belum dapat diidentifikasi namun setelah sempat dikaitkan dengan,menkes menyebut penyebab gagal ginjal akut masih belum dapat diidentifikasi namun setelah sempat dikaitkan dengan,menkes sebut sebab gagal ginjal akut belum identifikasi telah sempat kait
15,15,"Jumlah ini meningkat dari data yang diumumkan sebelumnya, yakin terdapat 220 kasus dengan jumlah kematian mencapai 99 orang.",0,jumlah ini meningkat dari data yang diumumkan sebelumnya yakin terdapat   kasus dengan jumlah kematian mencapai   orang,"['jumlah', 'ini', 'meningkat', 'dari', 'data', 'yang', 'diumumkan', 'sebelumnya', 'yakin', 'terdapat', 'kasus', 'dengan', 'jumlah', 'kematian', 'mencapai', 'orang']","['jumlah', 'ini', 'meningkat', 'dari', 'data', 'yang', 'diumumkan', 'sebelumnya', 'yakin', 'terdapat', 'kasus', 'dengan', 'jumlah', 'kematian', 'mencapai', 'orang']",jumlah ini meningkat dari data yang diumumkan sebelumnya yakin terdapat kasus dengan jumlah kematian mencapai orang,jumlah ini meningkat dari data yang diumumkan sebelumnya yakin terdapat kasus dengan jumlah kematian mencapai orang,jumlah tingkat data umum belum yakin dapat kasus jumlah mati capai orang
16,16,Menteri Kesehatan Budi Gunadi Sadikin melaporkan pada Jumat (21/10/2022) bahwa sudah terdapat 241 kasus gangguan giâ€¦ https://t.co/trWnBt02AJ,0,menteri kesehatan budi gunadi sadikin melaporkan pada jumat   bahwa sudah terdapat   kasus gangguan gi,"['menteri', 'kesehatan', 'budi', 'gunadi', 'sadikin', 'melaporkan', 'pada', 'jumat', 'bahwa', 'sudah', 'terdapat', 'kasus', 'gangguan', 'gi']","['menteri', 'kesehatan', 'budi', 'gunadi', 'sadikin', 'melaporkan', 'pada', 'jumat', 'bahwa', 'sudah', 'terdapat', 'kasus', 'gangguan', 'gi']",menteri kesehatan budi gunadi sadikin melaporkan pada jumat bahwa sudah terdapat kasus gangguan gi,menteri kesehatan budi gunadi sadikin melaporkan pada jumat bahwa sudah terdapat kasus gangguan gi,menteri sehat budi gunadi sadikin lapor jumat sudah dapat kasus ganggu gi
17,17,"ASN milenial udah siap pindah ke IKN belum? Fasilitasnya bakal jos loh kata pemerintah~ 

| Narasi Daily https://t.co/psiYPphy93",0,asn milenial udah siap pindah ke ikn belum fasilitasnya bakal jos loh kata pemerintah narasi daily,"['asn', 'milenial', 'udah', 'siap', 'pindah', 'ke', 'ikn', 'belum', 'fasilitasnya', 'bakal', 'jos', 'loh', 'kata', 'pemerintah', 'narasi', 'daily']","['asn', 'milenial', 'udah', 'siap', 'pindah', 'ke', 'ikn', 'belum', 'fasilitasnya', 'bakal', 'jos', 'loh', 'kata', 'pemerintah', 'narasi', 'daily']",asn milenial udah siap pindah ke ikn belum fasilitasnya bakal jos loh kata pemerintah narasi daily,asn milenial udah siap pindah ke ikn belum fasilitasnya bakal jos loh kata pemerintah narasi daily,asn milenial udah siap pindah ikn fasilitas bakal jos kata perintah narasi daily
18,18,"Gelar aksi solidaritas untuk peristiwa Kanjuruhan, sejumlah suporter ditangkap polisi. Alasannya, para suporter iniâ€¦ https://t.co/eLLNlKrXwd",0,gelar aksi solidaritas untuk peristiwa kanjuruhan sejumlah suporter ditangkap polisi alasannya para suporter ini,"['gelar', 'aksi', 'solidaritas', 'untuk', 'peristiwa', 'kanjuruhan', 'sejumlah', 'suporter', 'ditangkap', 'polisi', 'alasannya', 'para', 'suporter', 'ini']","['gelar', 'aksi', 'solidaritas', 'untuk', 'peristiwa', 'kanjuruhan', 'sejumlah', 'suporter', 'ditangkap', 'polisi', 'alasannya', 'para', 'suporter', 'ini']",gelar aksi solidaritas untuk peristiwa kanjuruhan sejumlah suporter ditangkap polisi alasannya para suporter ini,gelar aksi solidaritas untuk peristiwa kanjuruhan sejumlah suporter ditangkap polisi alasannya para suporter ini,gelar aksi solidaritas peristiwa kanjuruhan jumlah suporter tangkap polisi alas suporter
19,19,"Kedutaan besar Iran di Seoul menyangkal kalo Rekabi hilang karena tanding tanpa hijab. Dan informasi terakhir, Rekaâ€¦ https://t.co/RgnrgrdQup",1,kedutaan besar iran di seoul menyangkal kalo rekabi hilang karena tanding tanpa hijab dan informasi terakhir reka,"['kedutaan', 'besar', 'iran', 'di', 'seoul', 'menyangkal', 'kalo', 'rekabi', 'hilang', 'karena', 'tanding', 'tanpa', 'hijab', 'dan', 'informasi', 'terakhir', 'reka']","['kedutaan', 'besar', 'iran', 'di', 'seoul', 'menyangkal', 'kalo', 'rekabi', 'hilang', 'karena', 'tanding', 'tanpa', 'hijab', 'dan', 'informasi', 'terakhir', 'reka']",kedutaan besar iran di seoul menyangkal kalo rekabi hilang karena tanding tanpa hijab dan informasi terakhir reka,kedutaan besar iran di seoul menyangkal kalo rekabi hilang karena tanding tanpa hijab dan informasi terakhir reka,duta besar iran seoul sangkal kalo rekabi hilang tanding hijab informasi akhir reka
20,20,"Ini latihan beneran kan ya? 

Udahh, jangan panas-panasan, yang adem-adem aja, kasihan masyarakat dunia ikut kena iâ€¦ https://t.co/OjMNzW4Lr2",0,ini latihan beneran kan ya udahh jangan panas panasan yang adem adem aja kasihan masyarakat dunia ikut kena,"['ini', 'latihan', 'beneran', 'kan', 'ya', 'udahh', 'jangan', 'panas', 'panasan', 'yang', 'adem', 'adem', 'aja', 'kasihan', 'masyarakat', 'dunia', 'ikut', 'kena']","['ini', 'latihan', 'beneran', 'kan', 'ya', 'udahh', 'jangan', 'panas', 'panasan', 'yang', 'adem', 'adem', 'aja', 'kasihan', 'masyarakat', 'dunia', 'ikut', 'kena']",ini latihan beneran kan ya udahh jangan panas panasan yang adem adem aja kasihan masyarakat dunia ikut kena,ini latihan beneran kan ya udahh jangan panas panasan yang adem adem aja kasihan masyarakat dunia ikut kena,latih beneran kan udahh jangan panas panas adem adem aja kasihan masyarakat dunia ikut kena
21,21,"Korban meninggal akibat peristiwa Kanjurhan bertambah lagi.

Selamat jalan Reivano. Istirahat yang tenangğŸ˜¢ğŸ¥€
https://t.co/plr7dd2TwC",0,korban meninggal akibat peristiwa kanjurhan bertambah lagi selamat jalan reivano istirahat yang tenang,"['korban', 'meninggal', 'akibat', 'peristiwa', 'kanjurhan', 'bertambah', 'lagi', 'selamat', 'jalan', 'reivano', 'istirahat', 'yang', 'tenang']","['korban', 'meninggal', 'akibat', 'peristiwa', 'kanjurhan', 'bertambah', 'lagi', 'selamat', 'jalan', 'reivano', 'istirahat', 'yang', 'tenang']",korban meninggal akibat peristiwa kanjurhan bertambah lagi selamat jalan reivano istirahat yang tenang,korban meninggal akibat peristiwa kanjurhan bertambah lagi selamat jalan reivano istirahat yang tenang,korban tinggal akibat peristiwa kanjurhan tambah selamat jalan reivano istirahat tenang
22,22,"Ada yang ketar-ketir nih pasokan minyaknya dikurangi sama Arab Saudi heu~ ğŸ‘€

Emang seberapa bergantung sih AS samaâ€¦ https://t.co/kvaJxKKYh2",1,ada yang ketar ketir nih pasokan minyaknya dikurangi sama arab saudi heu emang seberapa bergantung sih as sama,"['ada', 'yang', 'ketar', 'ketir', 'nih', 'pasokan', 'minyaknya', 'dikurangi', 'sama', 'arab', 'saudi', 'heu', 'emang', 'seberapa', 'bergantung', 'sih', 'as', 'sama']","['ada', 'yang', 'ketar', 'ketir', 'nih', 'pasokan', 'minyaknya', 'dikurangi', 'sama', 'arab', 'saudi', 'heu', 'emang', 'seberapa', 'bergantung', 'sih', 'as', 'sama']",ada yang ketar ketir nih pasokan minyaknya dikurangi sama arab saudi heu emang seberapa bergantung sih as sama,ada yang ketar ketir nih pasokan minyaknya dikurangi sama arab saudi heu emang seberapa bergantung sih as sama,yang ketar tir nih pasok minyak rang sama arab saudi heu emang berapa gantung as sama
23,23,"Semangat buat BTS yang bakal ikut wajib militer. Buat para ARMY, jangan sedih, mereka bakal kumpul tiga tahun lagiâ€¦ https://t.co/3K2wl31Dnl",0,semangat buat bts yang bakal ikut wajib militer buat para army jangan sedih mereka bakal kumpul tiga tahun lagi,"['semangat', 'buat', 'bts', 'yang', 'bakal', 'ikut', 'wajib', 'militer', 'buat', 'para', 'army', 'jangan', 'sedih', 'mereka', 'bakal', 'kumpul', 'tiga', 'tahun', 'lagi']","['semangat', 'buat', 'bts', 'yang', 'bakal', 'ikut', 'wajib', 'militer', 'buat', 'para', 'army', 'jangan', 'sedih', 'mereka', 'bakal', 'kumpul', 'tiga', 'tahun', 'lagi']",semangat buat bts yang bakal ikut wajib militer buat para army jangan sedih mereka bakal kumpul tiga tahun lagi,semangat buat bts yang bakal ikut wajib militer buat para army jangan sedih mereka bakal kumpul tiga tahun lagi,semangat buat bts bakal ikut wajib militer buat army jangan sedih bakal kumpul tiga tahun
24,24,"Serem banget, abis ngebunuh malah senyum-senyum gituğŸ˜¢ğŸ˜­

Informasi lainnya, tonton #NarasiPagi diâ€¦ https://t.co/jgmIqBOFKB",0,serem banget abis ngebunuh malah senyum senyum gitu informasi lainnya tonton di,"['serem', 'banget', 'abis', 'ngebunuh', 'malah', 'senyum', 'senyum', 'gitu', 'informasi', 'lainnya', 'tonton', 'di']","['serem', 'banget', 'abis', 'ngebunuh', 'malah', 'senyum', 'senyum', 'gitu', 'informasi', 'lainnya', 'tonton', 'di']",serem banget abis ngebunuh malah senyum senyum gitu informasi lainnya tonton di,serem banget abis ngebunuh malah senyum senyum gitu informasi lainnya tonton di,rem banget abis ngebunuh malah senyum senyum gitu informasi lain tonton
25,25,"Apa lagi, nih? Jangan ada intimidasi-intimidasi deh. Bakal susah terungkap dengan jelas dan transparan kalo sampe gâ€¦ https://t.co/y1usVwDN4k",1,apa lagi nih jangan ada intimidasi intimidasi deh bakal susah terungkap dengan jelas dan transparan kalo sampe,"['apa', 'lagi', 'nih', 'jangan', 'ada', 'intimidasi', 'intimidasi', 'deh', 'bakal', 'susah', 'terungkap', 'dengan', 'jelas', 'dan', 'transparan', 'kalo', 'sampe']","['apa', 'lagi', 'nih', 'jangan', 'ada', 'intimidasi', 'intimidasi', 'deh', 'bakal', 'susah', 'terungkap', 'dengan', 'jelas', 'dan', 'transparan', 'kalo', 'sampe']",apa lagi nih jangan ada intimidasi intimidasi deh bakal susah terungkap dengan jelas dan transparan kalo sampe,apa lagi nih jangan ada intimidasi intimidasi deh bakal susah terungkap dengan jelas dan transparan kalo sampe,apa nih jangan intimidasi intimidasi deh bakal susah ungkap jelas transparan kalo sampe
26,26,"Coba dicek lagi deh siapa tau masuk dalam daftar obat sirup yang ditarik sama BPOM.

| Narasi Daily https://t.co/5MnSvngUvO",0,coba dicek lagi deh siapa tau masuk dalam daftar obat sirup yang ditarik sama bpom narasi daily,"['coba', 'dicek', 'lagi', 'deh', 'siapa', 'tau', 'masuk', 'dalam', 'daftar', 'obat', 'sirup', 'yang', 'ditarik', 'sama', 'bpom', 'narasi', 'daily']","['coba', 'dicek', 'lagi', 'deh', 'siapa', 'tau', 'masuk', 'dalam', 'daftar', 'obat', 'sirup', 'yang', 'ditarik', 'sama', 'bpom', 'narasi', 'daily']",coba dicek lagi deh siapa tau masuk dalam daftar obat sirup yang ditarik sama bpom narasi daily,coba dicek lagi deh siapa tau masuk dalam daftar obat sirup yang ditarik sama bpom narasi daily,coba cek deh siapa tau masuk daftar obat sirup tarik sama bpom narasi daily
27,27,"Pernah beli, dikasih sama dokter, atau nyimpen obat sirup buat anak-anak di rumah? 

| Narasi Daily https://t.co/HP04jQUZcs",0,pernah beli dikasih sama dokter atau nyimpen obat sirup buat anak anak di rumah narasi daily,"['pernah', 'beli', 'dikasih', 'sama', 'dokter', 'atau', 'nyimpen', 'obat', 'sirup', 'buat', 'anak', 'anak', 'di', 'rumah', 'narasi', 'daily']","['pernah', 'beli', 'dikasih', 'sama', 'dokter', 'atau', 'nyimpen', 'obat', 'sirup', 'buat', 'anak', 'anak', 'di', 'rumah', 'narasi', 'daily']",pernah beli dikasih sama dokter atau nyimpen obat sirup buat anak anak di rumah narasi daily,pernah beli dikasih sama dokter atau nyimpen obat sirup buat anak anak di rumah narasi daily,pernah beli kasih sama dokter nyimpen obat sirup buat anak anak rumah narasi daily
28,28,"Kata PSSI dan FIFA, kejadian dalam sepak bola dunia akan selalu ada, tapi sepak bola harus terus berjalanğŸ˜¢

https://t.co/rEbG0QtTub",0,kata pssi dan fifa kejadian dalam sepak bola dunia akan selalu ada tapi sepak bola harus terus berjalan,"['kata', 'pssi', 'dan', 'fifa', 'kejadian', 'dalam', 'sepak', 'bola', 'dunia', 'akan', 'selalu', 'ada', 'tapi', 'sepak', 'bola', 'harus', 'terus', 'berjalan']","['kata', 'pssi', 'dan', 'fifa', 'kejadian', 'dalam', 'sepak', 'bola', 'dunia', 'akan', 'selalu', 'ada', 'tapi', 'sepak', 'bola', 'harus', 'terus', 'berjalan']",kata pssi dan fifa kejadian dalam sepak bola dunia akan selalu ada tapi sepak bola harus terus berjalan,kata pssi dan fifa kejadian dalam sepak bola dunia akan selalu ada tapi sepak bola harus terus berjalan,kata pssi fifa jadi sepak bola dunia selalu tapi sepak bola terus jalan
29,29,"TjakeeeppsğŸ‘ğŸ»ğŸ‘ğŸ» Ngerasa gagal, minta maaf, lalu mundur, enggak pake lempar-lempar tanggung jawab, apalagi pake nyalaâ€¦ https://t.co/lblnUVEbT0",0,tjakeeepps ngerasa gagal minta maaf lalu mundur enggak pake lempar lempar tanggung jawab apalagi pake nyala,"['tjakeeepps', 'ngerasa', 'gagal', 'minta', 'maaf', 'lalu', 'mundur', 'enggak', 'pake', 'lempar', 'lempar', 'tanggung', 'jawab', 'apalagi', 'pake', 'nyala']","['tjakeeepps', 'ngerasa', 'gagal', 'minta', 'maaf', 'lalu', 'mundur', 'enggak', 'pake', 'lempar', 'lempar', 'tanggung', 'jawab', 'apalagi', 'pake', 'nyala']",tjakeeepps ngerasa gagal minta maaf lalu mundur enggak pake lempar lempar tanggung jawab apalagi pake nyala,tjakeeepps ngerasa gagal minta maaf lalu mundur enggak pake lempar lempar tanggung jawab apalagi pake nyala,tjakeeepps ngerasa gagal minta maaf lalu mundur enggak pake lempar lempar tanggung jawab pake nyala
30,30,"Setelah ditunda karena ((fun football)), Iwan Bule akhirnya diperiksa nih~

Apa aja materinya? Coba deh simak di arâ€¦ https://t.co/u18c1kuP2D",0,setelah ditunda karena fun football iwan bule akhirnya diperiksa nih apa aja materinya coba deh simak di ar,"['setelah', 'ditunda', 'karena', 'fun', 'football', 'iwan', 'bule', 'akhirnya', 'diperiksa', 'nih', 'apa', 'aja', 'materinya', 'coba', 'deh', 'simak', 'di', 'ar']","['setelah', 'ditunda', 'karena', 'fun', 'football', 'iwan', 'bule', 'akhirnya', 'diperiksa', 'nih', 'apa', 'aja', 'materinya', 'coba', 'deh', 'simak', 'di', 'ar']",setelah ditunda karena fun football iwan bule akhirnya diperiksa nih apa aja materinya coba deh simak di ar,setelah ditunda karena fun football iwan bule akhirnya diperiksa nih apa aja materinya coba deh simak di ar,tunda fun football iwan bule akhir periksa nih apa aja materi coba deh simak ar
31,31,"Masa harus ditunda-tunda lagi seh heu~

| Narasi Daily https://t.co/OQMLHj8yB9",0,masa harus ditunda tunda lagi seh heu narasi daily,"['masa', 'harus', 'ditunda', 'tunda', 'lagi', 'seh', 'heu', 'narasi', 'daily']","['masa', 'harus', 'ditunda', 'tunda', 'lagi', 'seh', 'heu', 'narasi', 'daily']",masa harus ditunda tunda lagi seh heu narasi daily,masa harus ditunda tunda lagi seh heu narasi daily,masa tunda tunda seh heu narasi daily
32,32,Padahal yang kubutuhkan cuma realitas hidup indahku bersamanya. Kira-kira VR Quest Pro ini bisa bantu mewujudkan ngâ€¦ https://t.co/7QqR36r3fk,0,padahal yang kubutuhkan cuma realitas hidup indahku bersamanya kira kira vr quest pro ini bisa bantu mewujudkan ng,"['padahal', 'yang', 'kubutuhkan', 'cuma', 'realitas', 'hidup', 'indahku', 'bersamanya', 'kira', 'kira', 'vr', 'quest', 'pro', 'ini', 'bisa', 'bantu', 'mewujudkan', 'ng']","['padahal', 'yang', 'kubutuhkan', 'cuma', 'realitas', 'hidup', 'indahku', 'bersamanya', 'kira', 'kira', 'vr', 'quest', 'pro', 'ini', 'bisa', 'bantu', 'mewujudkan', 'ng']",padahal yang kubutuhkan cuma realitas hidup indahku bersamanya kira kira vr quest pro ini bisa bantu mewujudkan ng,padahal yang kubutuhkan cuma realitas hidup indahku bersamanya kira kira vr quest pro ini bisa bantu mewujudkan ng,padahal butuh cuma realitas hidup indah sama kira kira vr quest pro bisa bantu wujud ng
33,33,"Impian Nanda untuk bertanding sepak bola dengan kawannya, Revano sirna. Semua itu harus pupus karena satu hal: Periâ€¦ https://t.co/HJmUfvh161",0,impian nanda untuk bertanding sepak bola dengan kawannya revano sirna semua itu harus pupus karena satu hal peri,"['impian', 'nanda', 'untuk', 'bertanding', 'sepak', 'bola', 'dengan', 'kawannya', 'revano', 'sirna', 'semua', 'itu', 'harus', 'pupus', 'karena', 'satu', 'hal', 'peri']","['impian', 'nanda', 'untuk', 'bertanding', 'sepak', 'bola', 'dengan', 'kawannya', 'revano', 'sirna', 'semua', 'itu', 'harus', 'pupus', 'karena', 'satu', 'hal', 'peri']",impian nanda untuk bertanding sepak bola dengan kawannya revano sirna semua itu harus pupus karena satu hal peri,impian nanda untuk bertanding sepak bola dengan kawannya revano sirna semua itu harus pupus karena satu hal peri,impi nanda tanding sepak bola kawan revano sirna semua harus pupus satu peri
34,34,"Selain itu, lokasi kantor Satlantas Polres Bintan dengan pemukiman masyarakat lumayan jauh.

Nantinya, pemohon SIMâ€¦ https://t.co/d1EI2ZpaXJ",0,selain itu lokasi kantor satlantas polres bintan dengan pemukiman masyarakat lumayan jauh nantinya pemohon sim,"['selain', 'itu', 'lokasi', 'kantor', 'satlantas', 'polres', 'bintan', 'dengan', 'pemukiman', 'masyarakat', 'lumayan', 'jauh', 'nantinya', 'pemohon', 'sim']","['selain', 'itu', 'lokasi', 'kantor', 'satlantas', 'polres', 'bintan', 'dengan', 'pemukiman', 'masyarakat', 'lumayan', 'jauh', 'nantinya', 'pemohon', 'sim']",selain itu lokasi kantor satlantas polres bintan dengan pemukiman masyarakat lumayan jauh nantinya pemohon sim,selain itu lokasi kantor satlantas polres bintan dengan pemukiman masyarakat lumayan jauh nantinya pemohon sim,itu lokasi kantor satlantas polres bintan mukim masyarakat lumayan jauh nanti mohon sim
35,35,"â€œNanti kita akan jemput menggunakan bus,â€ jelas Kasat Lantas Polres Bintan AKP Khapandi.

Layanan antar jemput pengâ€¦ https://t.co/F41AN6JucP",0,nanti kita akan jemput menggunakan bus jelas kasat lantas polres bintan akp khapandi layanan antar jemput peng,"['nanti', 'kita', 'akan', 'jemput', 'menggunakan', 'bus', 'jelas', 'kasat', 'lantas', 'polres', 'bintan', 'akp', 'khapandi', 'layanan', 'antar', 'jemput', 'peng']","['nanti', 'kita', 'akan', 'jemput', 'menggunakan', 'bus', 'jelas', 'kasat', 'lantas', 'polres', 'bintan', 'akp', 'khapandi', 'layanan', 'antar', 'jemput', 'peng']",nanti kita akan jemput menggunakan bus jelas kasat lantas polres bintan akp khapandi layanan antar jemput peng,nanti kita akan jemput menggunakan bus jelas kasat lantas polres bintan akp khapandi layanan antar jemput peng,kita jemput guna bus jelas kasat lantas polres bintan akp khapandi layan antar jemput peng
36,36,Satlantas Polres Bintan membuat pelayanan baru berupa antar-jemput untuk masyarakat yang hendak melakukan pengurusaâ€¦ https://t.co/SntsKZ8iAy,0,satlantas polres bintan membuat pelayanan baru berupa antar jemput untuk masyarakat yang hendak melakukan pengurusa,"['satlantas', 'polres', 'bintan', 'membuat', 'pelayanan', 'baru', 'berupa', 'antar', 'jemput', 'untuk', 'masyarakat', 'yang', 'hendak', 'melakukan', 'pengurusa']","['satlantas', 'polres', 'bintan', 'membuat', 'pelayanan', 'baru', 'berupa', 'antar', 'jemput', 'untuk', 'masyarakat', 'yang', 'hendak', 'melakukan', 'pengurusa']",satlantas polres bintan membuat pelayanan baru berupa antar jemput untuk masyarakat yang hendak melakukan pengurusa,satlantas polres bintan membuat pelayanan baru berupa antar jemput untuk masyarakat yang hendak melakukan pengurusa,satlantas polres bintan buat layan baru upa antar jemput masyarakat hendak laku pengurusa
37,37,"Tapi kalo dibayangin agak serem keknya yhağŸ™ˆ

| Narasi Daily https://t.co/CQjC6SDIrU",0,tapi kalo dibayangin agak serem keknya yha narasi daily,"['tapi', 'kalo', 'dibayangin', 'agak', 'serem', 'keknya', 'yha', 'narasi', 'daily']","['tapi', 'kalo', 'dibayangin', 'agak', 'serem', 'keknya', 'yha', 'narasi', 'daily']",tapi kalo dibayangin agak serem keknya yha narasi daily,tapi kalo dibayangin agak serem keknya yha narasi daily,kalo dibayangin rem kek yha narasi daily
38,38,"Kalau di sini polisinya patroli pakai tuktuk gimana ya, gengs? ğŸ¤”

| Narasi Daily https://t.co/HXiBi1tg6L",0,kalau di sini polisinya patroli pakai tuktuk gimana ya gengs narasi daily,"['kalau', 'di', 'sini', 'polisinya', 'patroli', 'pakai', 'tuktuk', 'gimana', 'ya', 'gengs', 'narasi', 'daily']","['kalau', 'di', 'sini', 'polisinya', 'patroli', 'pakai', 'tuktuk', 'gimana', 'ya', 'gengs', 'narasi', 'daily']",kalau di sini polisinya patroli pakai tuktuk gimana ya gengs narasi daily,kalau di sini polisinya patroli pakai tuktuk gimana ya gengs narasi daily,kalau sini polisi patroli pakai tuktuk gimana gengs narasi daily
39,39,Survei juga bilang polisi dan penyelenggara liga yang paling bertanggung jawab atas tragedi Kanjuruhan. Mau ngelesâ€¦ https://t.co/2Gvq14ulS6,0,survei juga bilang polisi dan penyelenggara liga yang paling bertanggung jawab atas tragedi kanjuruhan mau ngeles,"['survei', 'juga', 'bilang', 'polisi', 'dan', 'penyelenggara', 'liga', 'yang', 'paling', 'bertanggung', 'jawab', 'atas', 'tragedi', 'kanjuruhan', 'mau', 'ngeles']","['survei', 'juga', 'bilang', 'polisi', 'dan', 'penyelenggara', 'liga', 'yang', 'paling', 'bertanggung', 'jawab', 'atas', 'tragedi', 'kanjuruhan', 'mau', 'ngeles']",survei juga bilang polisi dan penyelenggara liga yang paling bertanggung jawab atas tragedi kanjuruhan mau ngeles,survei juga bilang polisi dan penyelenggara liga yang paling bertanggung jawab atas tragedi kanjuruhan mau ngeles,survei bilang polisi selenggara liga paling tanggung jawab atas tragedi kanjuruhan mau ngeles
40,40,"Salah satu tersangka, AKP Irfan widyanto menutup sidang obstruction of justice Rabu (19/10). Pihaknya bakal membawaâ€¦ https://t.co/u5rV003mWp",0,salah satu tersangka akp irfan widyanto menutup sidang obstruction of justice rabu   pihaknya bakal membawa,"['salah', 'satu', 'tersangka', 'akp', 'irfan', 'widyanto', 'menutup', 'sidang', 'obstruction', 'of', 'justice', 'rabu', 'pihaknya', 'bakal', 'membawa']","['salah', 'satu', 'tersangka', 'akp', 'irfan', 'widyanto', 'menutup', 'sidang', 'obstruction', 'of', 'justice', 'rabu', 'pihaknya', 'bakal', 'membawa']",salah satu tersangka akp irfan widyanto menutup sidang obstruction of justice rabu pihaknya bakal membawa,salah satu tersangka akp irfan widyanto menutup sidang obstruction of justice rabu pihaknya bakal membawa,salah satu sangka akp irfan widyanto tutup sidang obstruction of justice rabu pihak bakal bawa
41,41,"Jumlah korban gagal ginjal akut yang menyerang balita makin mengkhawatirkan.

Ada tiga zat berbahaya dalam obat sirâ€¦ https://t.co/AoYQYqPnu4",0,jumlah korban gagal ginjal akut yang menyerang balita makin mengkhawatirkan ada tiga zat berbahaya dalam obat sir,"['jumlah', 'korban', 'gagal', 'ginjal', 'akut', 'yang', 'menyerang', 'balita', 'makin', 'mengkhawatirkan', 'ada', 'tiga', 'zat', 'berbahaya', 'dalam', 'obat', 'sir']","['jumlah', 'korban', 'gagal', 'ginjal', 'akut', 'yang', 'menyerang', 'balita', 'makin', 'mengkhawatirkan', 'ada', 'tiga', 'zat', 'berbahaya', 'dalam', 'obat', 'sir']",jumlah korban gagal ginjal akut yang menyerang balita makin mengkhawatirkan ada tiga zat berbahaya dalam obat sir,jumlah korban gagal ginjal akut yang menyerang balita makin mengkhawatirkan ada tiga zat berbahaya dalam obat sir,jumlah korban gagal ginjal akut serang balita makin khawatir tiga zat bahaya obat sir
42,42,"Serem banget drone â€˜Kamikazeâ€™ Rusia, sekali mengunci target bakal sulit lepas ğŸ˜® 

| Tech It Easy https://t.co/rTx3LrbvZj",0,serem banget drone kamikaze rusia sekali mengunci target bakal sulit lepas tech it easy,"['serem', 'banget', 'drone', 'kamikaze', 'rusia', 'sekali', 'mengunci', 'target', 'bakal', 'sulit', 'lepas', 'tech', 'it', 'easy']","['serem', 'banget', 'drone', 'kamikaze', 'rusia', 'sekali', 'mengunci', 'target', 'bakal', 'sulit', 'lepas', 'tech', 'it', 'easy']",serem banget drone kamikaze rusia sekali mengunci target bakal sulit lepas tech it easy,serem banget drone kamikaze rusia sekali mengunci target bakal sulit lepas tech it easy,rem banget drone kamikaze rusia sekali kunci target bakal sulit lepas tech it easy
43,43,Aturan ini diprotes banyak pihak karena dinilai mengekang kebebasan berekspresi. Ada juga kekhawatiran soal implemeâ€¦ https://t.co/ugLGfhEsHT,0,aturan ini diprotes banyak pihak karena dinilai mengekang kebebasan berekspresi ada juga kekhawatiran soal impleme,"['aturan', 'ini', 'diprotes', 'banyak', 'pihak', 'karena', 'dinilai', 'mengekang', 'kebebasan', 'berekspresi', 'ada', 'juga', 'kekhawatiran', 'soal', 'impleme']","['aturan', 'ini', 'diprotes', 'banyak', 'pihak', 'karena', 'dinilai', 'mengekang', 'kebebasan', 'berekspresi', 'ada', 'juga', 'kekhawatiran', 'soal', 'impleme']",aturan ini diprotes banyak pihak karena dinilai mengekang kebebasan berekspresi ada juga kekhawatiran soal impleme,aturan ini diprotes banyak pihak karena dinilai mengekang kebebasan berekspresi ada juga kekhawatiran soal impleme,atur protes banyak pihak nilai ekang bebas ekspres juga khawatir soal impleme
44,44,Kemenkes melaporkan total kumulatif kasus gangguan ginjal akut progresif atipikal di Indonesia mencapai 206 orang.â€¦ https://t.co/FG8fcRGWdu,0,kemenkes melaporkan total kumulatif kasus gangguan ginjal akut progresif atipikal di indonesia mencapai   orang,"['kemenkes', 'melaporkan', 'total', 'kumulatif', 'kasus', 'gangguan', 'ginjal', 'akut', 'progresif', 'atipikal', 'di', 'indonesia', 'mencapai', 'orang']","['kemenkes', 'melaporkan', 'total', 'kumulatif', 'kasus', 'gangguan', 'ginjal', 'akut', 'progresif', 'atipikal', 'di', 'indonesia', 'mencapai', 'orang']",kemenkes melaporkan total kumulatif kasus gangguan ginjal akut progresif atipikal di indonesia mencapai orang,kemenkes melaporkan total kumulatif kasus gangguan ginjal akut progresif atipikal di indonesia mencapai orang,kemenkes lapor total kumulatif kasus ganggu ginjal akut progresif atipikal indonesia capai orang
45,45,"Australia tadinya mengakui Yerusalem sebagai ibu kota Israel, sekarang balik mengakui kalau ibu kota Israel itu Telâ€¦ https://t.co/poRVeYm0L9",1,australia tadinya mengakui yerusalem sebagai ibu kota israel sekarang balik mengakui kalau ibu kota israel itu tel,"['australia', 'tadinya', 'mengakui', 'yerusalem', 'sebagai', 'ibu', 'kota', 'israel', 'sekarang', 'balik', 'mengakui', 'kalau', 'ibu', 'kota', 'israel', 'itu', 'tel']","['australia', 'tadinya', 'mengakui', 'yerusalem', 'sebagai', 'ibu', 'kota', 'israel', 'sekarang', 'balik', 'mengakui', 'kalau', 'ibu', 'kota', 'israel', 'itu', 'tel']",australia tadinya mengakui yerusalem sebagai ibu kota israel sekarang balik mengakui kalau ibu kota israel itu tel,australia tadinya mengakui yerusalem sebagai ibu kota israel sekarang balik mengakui kalau ibu kota israel itu tel,australia tadi aku yerusalem ibu kota israel sekarang balik aku kalau ibu kota israel tel
46,46,"Masih ada aja ya guru aniaya murid di sekolah, padahal harusnya tuh tahu kalo itu melanggar hukum. ğŸ¤¦ğŸ¼

| Narasi Daiâ€¦ https://t.co/BbkmDkB3Om",0,masih ada aja ya guru aniaya murid di sekolah padahal harusnya tuh tahu kalo itu melanggar hukum narasi dai,"['masih', 'ada', 'aja', 'ya', 'guru', 'aniaya', 'murid', 'di', 'sekolah', 'padahal', 'harusnya', 'tuh', 'tahu', 'kalo', 'itu', 'melanggar', 'hukum', 'narasi', 'dai']","['masih', 'ada', 'aja', 'ya', 'guru', 'aniaya', 'murid', 'di', 'sekolah', 'padahal', 'harusnya', 'tuh', 'tahu', 'kalo', 'itu', 'melanggar', 'hukum', 'narasi', 'dai']",masih ada aja ya guru aniaya murid di sekolah padahal harusnya tuh tahu kalo itu melanggar hukum narasi dai,masih ada aja ya guru aniaya murid di sekolah padahal harusnya tuh tahu kalo itu melanggar hukum narasi dai,ada aja guru aniaya murid sekolah padahal harus tuh tahu kalo langgar hukum narasi dai
47,47,"Ferdy Sambo menegaskan â€œpastikan semua sudah bersihâ€. 

Ckckck semudah itu memusnahkan barang bukti ğŸ˜Ÿ
https://t.co/XG033FgsRW",1,ferdy sambo menegaskan pastikan semua sudah bersih ckckck semudah itu memusnahkan barang bukti,"['ferdy', 'sambo', 'menegaskan', 'pastikan', 'semua', 'sudah', 'bersih', 'ckckck', 'semudah', 'itu', 'memusnahkan', 'barang', 'bukti']","['ferdy', 'sambo', 'menegaskan', 'pastikan', 'semua', 'sudah', 'bersih', 'ckckck', 'semudah', 'itu', 'memusnahkan', 'barang', 'bukti']",ferdy sambo menegaskan pastikan semua sudah bersih ckckck semudah itu memusnahkan barang bukti,ferdy sambo menegaskan pastikan semua sudah bersih ckckck semudah itu memusnahkan barang bukti,ferdy sambo tegas pasti semua bersih ckckck mudah musnah barang bukti
48,48,"Segitu banyak video yang beredar di media sosial kurang ya? ğŸ™„
 
Tonton #NarasiPagi di https://t.co/rZFjt9WZDr | Narâ€¦ https://t.co/bdHvyHQrzr",0,segitu banyak video yang beredar di media sosial kurang ya tonton di nar,"['segitu', 'banyak', 'video', 'yang', 'beredar', 'di', 'media', 'sosial', 'kurang', 'ya', 'tonton', 'di', 'nar']","['segitu', 'banyak', 'video', 'yang', 'beredar', 'di', 'media', 'sosial', 'kurang', 'ya', 'tonton', 'di', 'nar']",segitu banyak video yang beredar di media sosial kurang ya tonton di nar,segitu banyak video yang beredar di media sosial kurang ya tonton di nar,segitu banyak video edar media sosial kurang tonton nar
49,49,Padahal banyak banget rekaman video di media sosial yang nunjukkin beberapa tembakan gas air mata diarahkan ke tribâ€¦ https://t.co/3gbb6pGxWJ,0,padahal banyak banget rekaman video di media sosial yang nunjukkin beberapa tembakan gas air mata diarahkan ke trib,"['padahal', 'banyak', 'banget', 'rekaman', 'video', 'di', 'media', 'sosial', 'yang', 'nunjukkin', 'beberapa', 'tembakan', 'gas', 'air', 'mata', 'diarahkan', 'ke', 'trib']","['padahal', 'banyak', 'banget', 'rekaman', 'video', 'di', 'media', 'sosial', 'yang', 'nunjukkin', 'beberapa', 'tembakan', 'gas', 'air', 'mata', 'diarahkan', 'ke', 'trib']",padahal banyak banget rekaman video di media sosial yang nunjukkin beberapa tembakan gas air mata diarahkan ke trib,padahal banyak banget rekaman video di media sosial yang nunjukkin beberapa tembakan gas air mata diarahkan ke trib,padahal banyak banget rekam video media sosial nunjukkin beberapa tembak gas air mata arah trib
50,50,"Dalam surat dakwaan, amplop berisi uang Rp1 miliar itu udah dikasih ke Bharada Eliezer tapi akhirnya diambil lagi oâ€¦ https://t.co/2bYMS4o65b",1,dalam surat dakwaan amplop berisi uang rp miliar itu udah dikasih ke bharada eliezer tapi akhirnya diambil lagi,"['dalam', 'surat', 'dakwaan', 'amplop', 'berisi', 'uang', 'rp', 'miliar', 'itu', 'udah', 'dikasih', 'ke', 'bharada', 'eliezer', 'tapi', 'akhirnya', 'diambil', 'lagi']","['dalam', 'surat', 'dakwaan', 'amplop', 'berisi', 'uang', 'rp', 'miliar', 'itu', 'udah', 'dikasih', 'ke', 'bharada', 'eliezer', 'tapi', 'akhirnya', 'diambil', 'lagi']",dalam surat dakwaan amplop berisi uang rp miliar itu udah dikasih ke bharada eliezer tapi akhirnya diambil lagi,dalam surat dakwaan amplop berisi uang rp miliar itu udah dikasih ke bharada eliezer tapi akhirnya diambil lagi,surat dakwa amplop isi uang rp miliar udah kasih bharada eliezer akhir ambil
51,51,"Dalam sidang obstruction of justice hari ini, pengacara dari Hendra Kurniawan juga tak mengajukan eksepsi atas dakwâ€¦ https://t.co/F0ucQD2fMs",1,dalam sidang obstruction of justice hari ini pengacara dari hendra kurniawan juga tak mengajukan eksepsi atas dakw,"['dalam', 'sidang', 'obstruction', 'of', 'justice', 'hari', 'ini', 'pengacara', 'dari', 'hendra', 'kurniawan', 'juga', 'tak', 'mengajukan', 'eksepsi', 'atas', 'dakw']","['dalam', 'sidang', 'obstruction', 'of', 'justice', 'hari', 'ini', 'pengacara', 'dari', 'hendra', 'kurniawan', 'juga', 'tak', 'mengajukan', 'eksepsi', 'atas', 'dakw']",dalam sidang obstruction of justice hari ini pengacara dari hendra kurniawan juga tak mengajukan eksepsi atas dakw,dalam sidang obstruction of justice hari ini pengacara dari hendra kurniawan juga tak mengajukan eksepsi atas dakw,sidang obstruction of justice hari acara hendra kurniawan tak aju eksepsi atas dakw
52,52,"Api baru padam sekitar pukul 18.00 WIB dan dalam proses pendinginan. Dalam kebakaran ini, sejumlah 21 unit mobil peâ€¦ https://t.co/UIpmCEgyGI",0,api baru padam sekitar pukul     wib dan dalam proses pendinginan dalam kebakaran ini sejumlah   unit mobil pe,"['api', 'baru', 'padam', 'sekitar', 'pukul', 'wib', 'dan', 'dalam', 'proses', 'pendinginan', 'dalam', 'kebakaran', 'ini', 'sejumlah', 'unit', 'mobil', 'pe']","['api', 'baru', 'padam', 'sekitar', 'pukul', 'wib', 'dan', 'dalam', 'proses', 'pendinginan', 'dalam', 'kebakaran', 'ini', 'sejumlah', 'unit', 'mobil', 'pe']",api baru padam sekitar pukul wib dan dalam proses pendinginan dalam kebakaran ini sejumlah unit mobil pe,api baru padam sekitar pukul wib dan dalam proses pendinginan dalam kebakaran ini sejumlah unit mobil pe,api baru padam pukul wib proses dingin dalam bakar jumlah unit mobil pe
53,53,Kebakaran ini bermula ketika pekerja bangunan merenovasi kubah masjid. Pekerja bangunan melelehkan membran water-prâ€¦ https://t.co/ujwSOwkgiS,0,kebakaran ini bermula ketika pekerja bangunan merenovasi kubah masjid pekerja bangunan melelehkan membran water pr,"['kebakaran', 'ini', 'bermula', 'ketika', 'pekerja', 'bangunan', 'merenovasi', 'kubah', 'masjid', 'pekerja', 'bangunan', 'melelehkan', 'membran', 'water', 'pr']","['kebakaran', 'ini', 'bermula', 'ketika', 'pekerja', 'bangunan', 'merenovasi', 'kubah', 'masjid', 'pekerja', 'bangunan', 'melelehkan', 'membran', 'water', 'pr']",kebakaran ini bermula ketika pekerja bangunan merenovasi kubah masjid pekerja bangunan melelehkan membran water pr,kebakaran ini bermula ketika pekerja bangunan merenovasi kubah masjid pekerja bangunan melelehkan membran water pr,bakar mula kerja bangun renovasi kubah masjid kerja bangun leleh membran water pr
54,54,"Kubah Masjid Jakarta Islamic Center, Koja, Jakarta Utara hangus terbakar pada Rabu (19/10/2022). Kobaran api mulaiâ€¦ https://t.co/FwS1LEjld0",0,kubah masjid jakarta islamic center koja jakarta utara hangus terbakar pada rabu   kobaran api mulai,"['kubah', 'masjid', 'jakarta', 'islamic', 'center', 'koja', 'jakarta', 'utara', 'hangus', 'terbakar', 'pada', 'rabu', 'kobaran', 'api', 'mulai']","['kubah', 'masjid', 'jakarta', 'islamic', 'center', 'koja', 'jakarta', 'utara', 'hangus', 'terbakar', 'pada', 'rabu', 'kobaran', 'api', 'mulai']",kubah masjid jakarta islamic center koja jakarta utara hangus terbakar pada rabu kobaran api mulai,kubah masjid jakarta islamic center koja jakarta utara hangus terbakar pada rabu kobaran api mulai,kubah masjid jakarta islamic center koja jakarta utara hangus bakar rabu kobar api mulai
55,55,"Gimana nih menurutmu? Bakal efektif enggak penggunaan drone untuk tilang? 

Reply dong di bawah ğŸ‘‡

| Tech It Easy https://t.co/oZzAMGMW6d",0,gimana nih menurutmu bakal efektif enggak penggunaan drone untuk tilang reply dong di bawah tech it easy,"['gimana', 'nih', 'menurutmu', 'bakal', 'efektif', 'enggak', 'penggunaan', 'drone', 'untuk', 'tilang', 'reply', 'dong', 'di', 'bawah', 'tech', 'it', 'easy']","['gimana', 'nih', 'menurutmu', 'bakal', 'efektif', 'enggak', 'penggunaan', 'drone', 'untuk', 'tilang', 'reply', 'dong', 'di', 'bawah', 'tech', 'it', 'easy']",gimana nih menurutmu bakal efektif enggak penggunaan drone untuk tilang reply dong di bawah tech it easy,gimana nih menurutmu bakal efektif enggak penggunaan drone untuk tilang reply dong di bawah tech it easy,gimana nih turut bakal efektif enggak guna drone tilang reply dong bawah tech it easy
56,56,Pesawat tempur Rusia yang lagi latihan terbang jatuh dan terbakar di daerah pemukiman. Kobaran apinya besar bangetâ€¦ https://t.co/a6459D5c1o,0,pesawat tempur rusia yang lagi latihan terbang jatuh dan terbakar di daerah pemukiman kobaran apinya besar banget,"['pesawat', 'tempur', 'rusia', 'yang', 'lagi', 'latihan', 'terbang', 'jatuh', 'dan', 'terbakar', 'di', 'daerah', 'pemukiman', 'kobaran', 'apinya', 'besar', 'banget']","['pesawat', 'tempur', 'rusia', 'yang', 'lagi', 'latihan', 'terbang', 'jatuh', 'dan', 'terbakar', 'di', 'daerah', 'pemukiman', 'kobaran', 'apinya', 'besar', 'banget']",pesawat tempur rusia yang lagi latihan terbang jatuh dan terbakar di daerah pemukiman kobaran apinya besar banget,pesawat tempur rusia yang lagi latihan terbang jatuh dan terbakar di daerah pemukiman kobaran apinya besar banget,pesawat tempur rusia lagi latih terbang jatuh bakar daerah mukim kobar api besar banget
57,57,"Semoga makin gencar deh transisi ke energi terbarukan, apalagi buat memenuhi kebutuhan listrik lokal.

Menurutmu giâ€¦ https://t.co/tdNeoq5PDR",0,semoga makin gencar deh transisi ke energi terbarukan apalagi buat memenuhi kebutuhan listrik lokal menurutmu gi,"['semoga', 'makin', 'gencar', 'deh', 'transisi', 'ke', 'energi', 'terbarukan', 'apalagi', 'buat', 'memenuhi', 'kebutuhan', 'listrik', 'lokal', 'menurutmu', 'gi']","['semoga', 'makin', 'gencar', 'deh', 'transisi', 'ke', 'energi', 'terbarukan', 'apalagi', 'buat', 'memenuhi', 'kebutuhan', 'listrik', 'lokal', 'menurutmu', 'gi']",semoga makin gencar deh transisi ke energi terbarukan apalagi buat memenuhi kebutuhan listrik lokal menurutmu gi,semoga makin gencar deh transisi ke energi terbarukan apalagi buat memenuhi kebutuhan listrik lokal menurutmu gi,moga makin gencar deh transisi energi baru buat penuh butuh listrik lokal turut gi
58,58,"Polda Jawa Timur bilang autopsi korban Kanjuruhan batal karena keluarga tidak berekenan. 

https://t.co/JMyKN9bVGT",0,polda jawa timur bilang autopsi korban kanjuruhan batal karena keluarga tidak berekenan,"['polda', 'jawa', 'timur', 'bilang', 'autopsi', 'korban', 'kanjuruhan', 'batal', 'karena', 'keluarga', 'tidak', 'berekenan']","['polda', 'jawa', 'timur', 'bilang', 'autopsi', 'korban', 'kanjuruhan', 'batal', 'karena', 'keluarga', 'tidak', 'berekenan']",polda jawa timur bilang autopsi korban kanjuruhan batal karena keluarga tidak berekenan,polda jawa timur bilang autopsi korban kanjuruhan batal karena keluarga tidak berekenan,polda jawa timur bilang autopsi korban kanjuruhan batal keluarga reken
59,59,"Selain di Jabodetabek, banjir dan longsor di Bali juga memakan korban saking parahnya ğŸ˜­ğŸ˜­

Banjir di mana-mana ğŸ˜¢ | Nâ€¦ https://t.co/dORuiAB7kp",0,selain di jabodetabek banjir dan longsor di bali juga memakan korban saking parahnya banjir di mana mana,"['selain', 'di', 'jabodetabek', 'banjir', 'dan', 'longsor', 'di', 'bali', 'juga', 'memakan', 'korban', 'saking', 'parahnya', 'banjir', 'di', 'mana', 'mana']","['selain', 'di', 'jabodetabek', 'banjir', 'dan', 'longsor', 'di', 'bali', 'juga', 'memakan', 'korban', 'saking', 'parahnya', 'banjir', 'di', 'mana', 'mana']",selain di jabodetabek banjir dan longsor di bali juga memakan korban saking parahnya banjir di mana mana,selain di jabodetabek banjir dan longsor di bali juga memakan korban saking parahnya banjir di mana mana,jabodetabek banjir longsor bal makan korban saking parah banjir di mana mana
60,60,"Lindungi korban âŒ
Lindungi tersangka âœ…

https://t.co/zrbQxKB3Pi",1,lindungi korban lindungi tersangka,"['lindungi', 'korban', 'lindungi', 'tersangka']","['lindungi', 'korban', 'lindungi', 'tersangka']",lindungi korban lindungi tersangka,lindungi korban lindungi tersangka,lindung korban lindung sangka
61,61,"Pihak Bechi bilang, tuntutan 16 tahun penjara itu hal yang sadis dan enggak sesuai sama fakta sidang. 

| Narasi Daâ€¦ https://t.co/6U8gA4KLYe",1,pihak bechi bilang tuntutan   tahun penjara itu hal yang sadis dan enggak sesuai sama fakta sidang narasi da,"['pihak', 'bechi', 'bilang', 'tuntutan', 'tahun', 'penjara', 'itu', 'hal', 'yang', 'sadis', 'dan', 'enggak', 'sesuai', 'sama', 'fakta', 'sidang', 'narasi', 'da']","['pihak', 'bechi', 'bilang', 'tuntutan', 'tahun', 'penjara', 'itu', 'hal', 'yang', 'sadis', 'dan', 'enggak', 'sesuai', 'sama', 'fakta', 'sidang', 'narasi', 'da']",pihak bechi bilang tuntutan tahun penjara itu hal yang sadis dan enggak sesuai sama fakta sidang narasi da,pihak bechi bilang tuntutan tahun penjara itu hal yang sadis dan enggak sesuai sama fakta sidang narasi da,pihak bechi bilang tuntut tahun penjara hal sadis enggak sesuai sama fakta sidang narasi da
62,62,"â€œDalam arahannya FIFA akan mendukung PSSI. Bersama dengan pemerintah, FIFA, dan PSSI akan bekerja sama untuk pembenâ€¦ https://t.co/RjT5IK6WTr",0,dalam arahannya fifa akan mendukung pssi bersama dengan pemerintah fifa dan pssi akan bekerja sama untuk pemben,"['dalam', 'arahannya', 'fifa', 'akan', 'mendukung', 'pssi', 'bersama', 'dengan', 'pemerintah', 'fifa', 'dan', 'pssi', 'akan', 'bekerja', 'sama', 'untuk', 'pemben']","['dalam', 'arahannya', 'fifa', 'akan', 'mendukung', 'pssi', 'bersama', 'dengan', 'pemerintah', 'fifa', 'dan', 'pssi', 'akan', 'bekerja', 'sama', 'untuk', 'pemben']",dalam arahannya fifa akan mendukung pssi bersama dengan pemerintah fifa dan pssi akan bekerja sama untuk pemben,dalam arahannya fifa akan mendukung pssi bersama dengan pemerintah fifa dan pssi akan bekerja sama untuk pemben,arah fifa dukung pssi sama perintah fifa pssi kerja sama pemben
63,63,"Kemarin, Iwan Bule enggak bisa datang memenuhi panggilan penyidik Polda Jawa Timur. Alasannya, Iwan menghadiri sebuâ€¦ https://t.co/Qn2MuaALyQ",0,kemarin iwan bule enggak bisa datang memenuhi panggilan penyidik polda jawa timur alasannya iwan menghadiri sebu,"['kemarin', 'iwan', 'bule', 'enggak', 'bisa', 'datang', 'memenuhi', 'panggilan', 'penyidik', 'polda', 'jawa', 'timur', 'alasannya', 'iwan', 'menghadiri', 'sebu']","['kemarin', 'iwan', 'bule', 'enggak', 'bisa', 'datang', 'memenuhi', 'panggilan', 'penyidik', 'polda', 'jawa', 'timur', 'alasannya', 'iwan', 'menghadiri', 'sebu']",kemarin iwan bule enggak bisa datang memenuhi panggilan penyidik polda jawa timur alasannya iwan menghadiri sebu,kemarin iwan bule enggak bisa datang memenuhi panggilan penyidik polda jawa timur alasannya iwan menghadiri sebu,kemarin iwan bule enggak datang penuh panggil sidik polda jawa timur alas iwan hadir sebu
64,64,"""Yang berhak meminta KLB itu anggota PSSI, para voter. Pemerintah tidak bisa mencampuri hal itu,"" ujar Anggota Komiâ€¦ https://t.co/3hRUzlanfR",0,yang berhak meminta klb itu anggota pssi para voter pemerintah tidak bisa mencampuri hal itu ujar anggota komi,"['yang', 'berhak', 'meminta', 'klb', 'itu', 'anggota', 'pssi', 'para', 'voter', 'pemerintah', 'tidak', 'bisa', 'mencampuri', 'hal', 'itu', 'ujar', 'anggota', 'komi']","['yang', 'berhak', 'meminta', 'klb', 'itu', 'anggota', 'pssi', 'para', 'voter', 'pemerintah', 'tidak', 'bisa', 'mencampuri', 'hal', 'itu', 'ujar', 'anggota', 'komi']",yang berhak meminta klb itu anggota pssi para voter pemerintah tidak bisa mencampuri hal itu ujar anggota komi,yang berhak meminta klb itu anggota pssi para voter pemerintah tidak bisa mencampuri hal itu ujar anggota komi,hak minta klb anggota pssi voter perintah bisa campur itu ujar anggota kom
65,65,"Langkah ini berarti menganulir kebijakan mantan perdana menteri Australia Scott Morrison pada 2018 silam. Sekarang,â€¦ https://t.co/eEr5EzEZE3",1,langkah ini berarti menganulir kebijakan mantan perdana menteri australia scott morrison pada   silam sekarang,"['langkah', 'ini', 'berarti', 'menganulir', 'kebijakan', 'mantan', 'perdana', 'menteri', 'australia', 'scott', 'morrison', 'pada', 'silam', 'sekarang']","['langkah', 'ini', 'berarti', 'menganulir', 'kebijakan', 'mantan', 'perdana', 'menteri', 'australia', 'scott', 'morrison', 'pada', 'silam', 'sekarang']",langkah ini berarti menganulir kebijakan mantan perdana menteri australia scott morrison pada silam sekarang,langkah ini berarti menganulir kebijakan mantan perdana menteri australia scott morrison pada silam sekarang,langkah arti anulir bijak mantan perdana menteri australia scott morrison silam sekarang
66,66,"Bisa-bisanya lagi suasana duka, korban Kanjuruhan berjatuhan, tapi Ketua Umum PSSI dan Presiden FIFA malah main bolâ€¦ https://t.co/zhUa4IoHvH",0,bisa bisanya lagi suasana duka korban kanjuruhan berjatuhan tapi ketua umum pssi dan presiden fifa malah main bol,"['bisa', 'bisanya', 'lagi', 'suasana', 'duka', 'korban', 'kanjuruhan', 'berjatuhan', 'tapi', 'ketua', 'umum', 'pssi', 'dan', 'presiden', 'fifa', 'malah', 'main', 'bol']","['bisa', 'bisanya', 'lagi', 'suasana', 'duka', 'korban', 'kanjuruhan', 'berjatuhan', 'tapi', 'ketua', 'umum', 'pssi', 'dan', 'presiden', 'fifa', 'malah', 'main', 'bol']",bisa bisanya lagi suasana duka korban kanjuruhan berjatuhan tapi ketua umum pssi dan presiden fifa malah main bol,bisa bisanya lagi suasana duka korban kanjuruhan berjatuhan tapi ketua umum pssi dan presiden fifa malah main bol,bisa suasana duka korban kanjuruhan jatuh ketua umum pssi presiden fifa malah main bol
67,67,"PSSI enggak diajak Pak Jokowi ngobrol bareng FIFA di Istana. 

Alasannya iniğŸ‘‡ğŸ»

https://t.co/MzgtsvVA8l",1,pssi enggak diajak pak jokowi ngobrol bareng fifa di istana alasannya ini,"['pssi', 'enggak', 'diajak', 'pak', 'jokowi', 'ngobrol', 'bareng', 'fifa', 'di', 'istana', 'alasannya', 'ini']","['pssi', 'enggak', 'diajak', 'pak', 'jokowi', 'ngobrol', 'bareng', 'fifa', 'di', 'istana', 'alasannya', 'ini']",pssi enggak diajak pak jokowi ngobrol bareng fifa di istana alasannya ini,pssi enggak diajak pak jokowi ngobrol bareng fifa di istana alasannya ini,pssi enggak ajak pak jokowi ngobrol bareng fifa istana alas
68,68,"Enam tersangka lain selain Hendra adalah Ferdy Sambo (sudah dipecat dari anggota Polri), Komisaris Besar Agus Nur Pâ€¦ https://t.co/DPWniR0FiL",1,enam tersangka lain selain hendra adalah ferdy sambo sudah dipecat dari anggota polri komisaris besar agus nur,"['enam', 'tersangka', 'lain', 'selain', 'hendra', 'adalah', 'ferdy', 'sambo', 'sudah', 'dipecat', 'dari', 'anggota', 'polri', 'komisaris', 'besar', 'agus', 'nur']","['enam', 'tersangka', 'lain', 'selain', 'hendra', 'adalah', 'ferdy', 'sambo', 'sudah', 'dipecat', 'dari', 'anggota', 'polri', 'komisaris', 'besar', 'agus', 'nur']",enam tersangka lain selain hendra adalah ferdy sambo sudah dipecat dari anggota polri komisaris besar agus nur,enam tersangka lain selain hendra adalah ferdy sambo sudah dipecat dari anggota polri komisaris besar agus nur,enam sangka selain hendra ferdy sambo pecat anggota polri komisaris besar agus nur
69,69,Hendra Kurniawan adalah salah satu dari tujuh tersangka obstruction of justice kasus pembunuhan Brigadir J. Dia dicâ€¦ https://t.co/Bbyy4Iusw3,1,hendra kurniawan adalah salah satu dari tujuh tersangka obstruction of justice kasus pembunuhan brigadir dia dic,"['hendra', 'kurniawan', 'adalah', 'salah', 'satu', 'dari', 'tujuh', 'tersangka', 'obstruction', 'of', 'justice', 'kasus', 'pembunuhan', 'brigadir', 'dia', 'dic']","['hendra', 'kurniawan', 'adalah', 'salah', 'satu', 'dari', 'tujuh', 'tersangka', 'obstruction', 'of', 'justice', 'kasus', 'pembunuhan', 'brigadir', 'dia', 'dic']",hendra kurniawan adalah salah satu dari tujuh tersangka obstruction of justice kasus pembunuhan brigadir dia dic,hendra kurniawan adalah salah satu dari tujuh tersangka obstruction of justice kasus pembunuhan brigadir dia dic,hendra kurniawan salah satu tujuh sangka obstruction of justice kasus bunuh brigadir dic
70,70,Pejabat Humas PN Jaksel Djuyamto bilang sidang akan dibagi menjadi dua sesi dengan dua majelis hakim. Sesi pertamaâ€¦ https://t.co/g235HqVj37,1,pejabat humas pn jaksel djuyamto bilang sidang akan dibagi menjadi dua sesi dengan dua majelis hakim sesi pertama,"['pejabat', 'humas', 'pn', 'jaksel', 'djuyamto', 'bilang', 'sidang', 'akan', 'dibagi', 'menjadi', 'dua', 'sesi', 'dengan', 'dua', 'majelis', 'hakim', 'sesi', 'pertama']","['pejabat', 'humas', 'pn', 'jaksel', 'djuyamto', 'bilang', 'sidang', 'akan', 'dibagi', 'menjadi', 'dua', 'sesi', 'dengan', 'dua', 'majelis', 'hakim', 'sesi', 'pertama']",pejabat humas pn jaksel djuyamto bilang sidang akan dibagi menjadi dua sesi dengan dua majelis hakim sesi pertama,pejabat humas pn jaksel djuyamto bilang sidang akan dibagi menjadi dua sesi dengan dua majelis hakim sesi pertama,jabat humas pn jaksel djuyamto bilang sidang bagi jadi sesi dua majelis hakim sesi pertama
71,71,Pengadilan Negeri (PN) Jakarta Selatan memulai sidang perdana kasus obstruction of justice atau perintangan prosesâ€¦ https://t.co/WhdCr1Qb4c,1,pengadilan negeri pn jakarta selatan memulai sidang perdana kasus obstruction of justice atau perintangan proses,"['pengadilan', 'negeri', 'pn', 'jakarta', 'selatan', 'memulai', 'sidang', 'perdana', 'kasus', 'obstruction', 'of', 'justice', 'atau', 'perintangan', 'proses']","['pengadilan', 'negeri', 'pn', 'jakarta', 'selatan', 'memulai', 'sidang', 'perdana', 'kasus', 'obstruction', 'of', 'justice', 'atau', 'perintangan', 'proses']",pengadilan negeri pn jakarta selatan memulai sidang perdana kasus obstruction of justice atau perintangan proses,pengadilan negeri pn jakarta selatan memulai sidang perdana kasus obstruction of justice atau perintangan proses,adil negeri pn jakarta selatan mulai sidang perdana kasus obstruction of justice rintang proses
72,72,"Alasaannya, Iwan Bule masih ada agenda lain. Semoga enggak ditunda lagi deh pemeriksaannya, korbannya udah bertambaâ€¦ https://t.co/8XEAFrp3zs",1,alasaannya iwan bule masih ada agenda lain semoga enggak ditunda lagi deh pemeriksaannya korbannya udah bertamba,"['alasaannya', 'iwan', 'bule', 'masih', 'ada', 'agenda', 'lain', 'semoga', 'enggak', 'ditunda', 'lagi', 'deh', 'pemeriksaannya', 'korbannya', 'udah', 'bertamba']","['alasaannya', 'iwan', 'bule', 'masih', 'ada', 'agenda', 'lain', 'semoga', 'enggak', 'ditunda', 'lagi', 'deh', 'pemeriksaannya', 'korbannya', 'udah', 'bertamba']",alasaannya iwan bule masih ada agenda lain semoga enggak ditunda lagi deh pemeriksaannya korbannya udah bertamba,alasaannya iwan bule masih ada agenda lain semoga enggak ditunda lagi deh pemeriksaannya korbannya udah bertamba,alasaannya iwan bule ada agenda moga enggak tunda deh periksa korban udah bertamba
73,73,Kenapa saat itu Putri minta Brigadir Yosua resign? Bukankah Polri bisa saja memecat kalo memang terbukti melanggarâ€¦ https://t.co/KwZ2HCqywJ,1,kenapa saat itu putri minta brigadir yosua resign bukankah polri bisa saja memecat kalo memang terbukti melanggar,"['kenapa', 'saat', 'itu', 'putri', 'minta', 'brigadir', 'yosua', 'resign', 'bukankah', 'polri', 'bisa', 'saja', 'memecat', 'kalo', 'memang', 'terbukti', 'melanggar']","['kenapa', 'saat', 'itu', 'putri', 'minta', 'brigadir', 'yosua', 'resign', 'bukankah', 'polri', 'bisa', 'saja', 'memecat', 'kalo', 'memang', 'terbukti', 'melanggar']",kenapa saat itu putri minta brigadir yosua resign bukankah polri bisa saja memecat kalo memang terbukti melanggar,kenapa saat itu putri minta brigadir yosua resign bukankah polri bisa saja memecat kalo memang terbukti melanggar,saat putri minta brigadir yosua resign bukankah polri saja pecat kalo memang bukti langgar
74,74,"Kok langsung minta bebasğŸ¤¦ğŸ¼

Menurut pakar, kalo eksepsi Ferdy Sambo diterima tuh artinya bakal dibuat dakwaan yangâ€¦ https://t.co/XfsPtcO8KK",1,kok langsung minta bebas menurut pakar kalo eksepsi ferdy sambo diterima tuh artinya bakal dibuat dakwaan yang,"['kok', 'langsung', 'minta', 'bebas', 'menurut', 'pakar', 'kalo', 'eksepsi', 'ferdy', 'sambo', 'diterima', 'tuh', 'artinya', 'bakal', 'dibuat', 'dakwaan', 'yang']","['kok', 'langsung', 'minta', 'bebas', 'menurut', 'pakar', 'kalo', 'eksepsi', 'ferdy', 'sambo', 'diterima', 'tuh', 'artinya', 'bakal', 'dibuat', 'dakwaan', 'yang']",kok langsung minta bebas menurut pakar kalo eksepsi ferdy sambo diterima tuh artinya bakal dibuat dakwaan yang,kok langsung minta bebas menurut pakar kalo eksepsi ferdy sambo diterima tuh artinya bakal dibuat dakwaan yang,kok langsung minta bebas pakar kalo eksepsi ferdy sambo terima tuh arti bakal buat dakwa
75,75,"Daripada cuci uang mending cuci baju sono udah numpuk noh hadeh~

| Buka Data https://t.co/AxmVcgY51N",1,daripada cuci uang mending cuci baju sono udah numpuk noh hadeh buka data,"['daripada', 'cuci', 'uang', 'mending', 'cuci', 'baju', 'sono', 'udah', 'numpuk', 'noh', 'hadeh', 'buka', 'data']","['daripada', 'cuci', 'uang', 'mending', 'cuci', 'baju', 'sono', 'udah', 'numpuk', 'noh', 'hadeh', 'buka', 'data']",daripada cuci uang mending cuci baju sono udah numpuk noh hadeh buka data,daripada cuci uang mending cuci baju sono udah numpuk noh hadeh buka data,cuci uang mending cuci baju sono udah numpuk noh hadeh buka data
76,76,"Sedangkan dari segi alinyemen jalan yang juga diinvestigasi, KNKT menyebut geometrk Jalan Transyogi masih sesuai reâ€¦ https://t.co/O4PzrFD9SF",0,sedangkan dari segi alinyemen jalan yang juga diinvestigasi knkt menyebut geometrk jalan transyogi masih sesuai re,"['sedangkan', 'dari', 'segi', 'alinyemen', 'jalan', 'yang', 'juga', 'diinvestigasi', 'knkt', 'menyebut', 'geometrk', 'jalan', 'transyogi', 'masih', 'sesuai', 're']","['sedangkan', 'dari', 'segi', 'alinyemen', 'jalan', 'yang', 'juga', 'diinvestigasi', 'knkt', 'menyebut', 'geometrk', 'jalan', 'transyogi', 'masih', 'sesuai', 're']",sedangkan dari segi alinyemen jalan yang juga diinvestigasi knkt menyebut geometrk jalan transyogi masih sesuai re,sedangkan dari segi alinyemen jalan yang juga diinvestigasi knkt menyebut geometrk jalan transyogi masih sesuai re,dari segi alinyemen jalan juga investigasi knkt sebut geometrk jalan transyogi sesuai re
77,77,"Namun, setelah tol tersebut keluar dari Tol Cibubur, sopir tersebut baru merasakan jika rem truk kurang pakem setelâ€¦ https://t.co/0pKQqVlFLl",0,namun setelah tol tersebut keluar dari tol cibubur sopir tersebut baru merasakan jika rem truk kurang pakem setel,"['namun', 'setelah', 'tol', 'tersebut', 'keluar', 'dari', 'tol', 'cibubur', 'sopir', 'tersebut', 'baru', 'merasakan', 'jika', 'rem', 'truk', 'kurang', 'pakem', 'setel']","['namun', 'setelah', 'tol', 'tersebut', 'keluar', 'dari', 'tol', 'cibubur', 'sopir', 'tersebut', 'baru', 'merasakan', 'jika', 'rem', 'truk', 'kurang', 'pakem', 'setel']",namun setelah tol tersebut keluar dari tol cibubur sopir tersebut baru merasakan jika rem truk kurang pakem setel,namun setelah tol tersebut keluar dari tol cibubur sopir tersebut baru merasakan jika rem truk kurang pakem setel,telah tol sebut keluar tol cibubur sopir sebut baru rasa rem truk kurang pakem setel
78,78,"Berdasarkan hasil investigasi dan temuan KNKT, sopir sebenarnya sudah memeriksa kondisi truk sebelum berangkat danâ€¦ https://t.co/kNBdx0b2Ap",0,berdasarkan hasil investigasi dan temuan knkt sopir sebenarnya sudah memeriksa kondisi truk sebelum berangkat dan,"['berdasarkan', 'hasil', 'investigasi', 'dan', 'temuan', 'knkt', 'sopir', 'sebenarnya', 'sudah', 'memeriksa', 'kondisi', 'truk', 'sebelum', 'berangkat', 'dan']","['berdasarkan', 'hasil', 'investigasi', 'dan', 'temuan', 'knkt', 'sopir', 'sebenarnya', 'sudah', 'memeriksa', 'kondisi', 'truk', 'sebelum', 'berangkat', 'dan']",berdasarkan hasil investigasi dan temuan knkt sopir sebenarnya sudah memeriksa kondisi truk sebelum berangkat dan,berdasarkan hasil investigasi dan temuan knkt sopir sebenarnya sudah memeriksa kondisi truk sebelum berangkat dan,dasar hasil investigasi temu knkt sopir benar periksa kondisi truk berangkat
79,79,Rem yang kurang pakem jadi salah penyebab kecelakaan yang melibatkan truk tangki Pertamina dan menewaskan 10 orangâ€¦ https://t.co/lU1WD3fhJx,0,rem yang kurang pakem jadi salah penyebab kecelakaan yang melibatkan truk tangki pertamina dan menewaskan   orang,"['rem', 'yang', 'kurang', 'pakem', 'jadi', 'salah', 'penyebab', 'kecelakaan', 'yang', 'melibatkan', 'truk', 'tangki', 'pertamina', 'dan', 'menewaskan', 'orang']","['rem', 'yang', 'kurang', 'pakem', 'jadi', 'salah', 'penyebab', 'kecelakaan', 'yang', 'melibatkan', 'truk', 'tangki', 'pertamina', 'dan', 'menewaskan', 'orang']",rem yang kurang pakem jadi salah penyebab kecelakaan yang melibatkan truk tangki pertamina dan menewaskan orang,rem yang kurang pakem jadi salah penyebab kecelakaan yang melibatkan truk tangki pertamina dan menewaskan orang,rem kurang pakem jadi salah sebab celaka libat truk tangki pertamina tewas orang
80,80,"Setelah tenar lalu menghilang, eh ada yang tau-tau muncul lagi nih~

Pada masih inget nga niğŸ‘€

| Narasi Daily https://t.co/whU0iWKgid",0,setelah tenar lalu menghilang eh ada yang tau tau muncul lagi nih pada masih inget nga ni narasi daily,"['setelah', 'tenar', 'lalu', 'menghilang', 'eh', 'ada', 'yang', 'tau', 'tau', 'muncul', 'lagi', 'nih', 'pada', 'masih', 'inget', 'nga', 'ni', 'narasi', 'daily']","['setelah', 'tenar', 'lalu', 'menghilang', 'eh', 'ada', 'yang', 'tau', 'tau', 'muncul', 'lagi', 'nih', 'pada', 'masih', 'inget', 'nga', 'ni', 'narasi', 'daily']",setelah tenar lalu menghilang eh ada yang tau tau muncul lagi nih pada masih inget nga ni narasi daily,setelah tenar lalu menghilang eh ada yang tau tau muncul lagi nih pada masih inget nga ni narasi daily,tenar lalu hilang ada tau tau muncul nih masih inget nga ni narasi daily
81,81,"Banyak juga ya Rp5,4 juta, tapi yang terpenting sih skema BLT ini menyesuaikan penghasilan warganya ğŸ¤”

| Narasi Daiâ€¦ https://t.co/4MfNZfB7a7",0,banyak juga ya rp   juta tapi yang terpenting sih skema blt ini menyesuaikan penghasilan warganya narasi dai,"['banyak', 'juga', 'ya', 'rp', 'juta', 'tapi', 'yang', 'terpenting', 'sih', 'skema', 'blt', 'ini', 'menyesuaikan', 'penghasilan', 'warganya', 'narasi', 'dai']","['banyak', 'juga', 'ya', 'rp', 'juta', 'tapi', 'yang', 'terpenting', 'sih', 'skema', 'blt', 'ini', 'menyesuaikan', 'penghasilan', 'warganya', 'narasi', 'dai']",banyak juga ya rp juta tapi yang terpenting sih skema blt ini menyesuaikan penghasilan warganya narasi dai,banyak juga ya rp juta tapi yang terpenting sih skema blt ini menyesuaikan penghasilan warganya narasi dai,banyak ya rp juta yang penting skema blt sesuai hasil warga narasi dai
82,82,"Pengacara Eliezer, Ronny Talapessy, sendiri tak mengajukan eksepsi atau nota keberatan atas dakwaan yang disampaikaâ€¦ https://t.co/yszwZzRaxA",1,pengacara eliezer ronny talapessy sendiri tak mengajukan eksepsi atau nota keberatan atas dakwaan yang disampaika,"['pengacara', 'eliezer', 'ronny', 'talapessy', 'sendiri', 'tak', 'mengajukan', 'eksepsi', 'atau', 'nota', 'keberatan', 'atas', 'dakwaan', 'yang', 'disampaika']","['pengacara', 'eliezer', 'ronny', 'talapessy', 'sendiri', 'tak', 'mengajukan', 'eksepsi', 'atau', 'nota', 'keberatan', 'atas', 'dakwaan', 'yang', 'disampaika']",pengacara eliezer ronny talapessy sendiri tak mengajukan eksepsi atau nota keberatan atas dakwaan yang disampaika,pengacara eliezer ronny talapessy sendiri tak mengajukan eksepsi atau nota keberatan atas dakwaan yang disampaika,acara eliezer ronny talapessy sendiri tak aju eksepsi nota berat atas dakwa disampaika
83,83,"Hari ini, gantian Richard Eliezer yang melaksanakan sidang perdana atas kasus pembunuhan Brigadir Yosua di Pengadilâ€¦ https://t.co/iuqdjZSpno",1,hari ini gantian richard eliezer yang melaksanakan sidang perdana atas kasus pembunuhan brigadir yosua di pengadil,"['hari', 'ini', 'gantian', 'richard', 'eliezer', 'yang', 'melaksanakan', 'sidang', 'perdana', 'atas', 'kasus', 'pembunuhan', 'brigadir', 'yosua', 'di', 'pengadil']","['hari', 'ini', 'gantian', 'richard', 'eliezer', 'yang', 'melaksanakan', 'sidang', 'perdana', 'atas', 'kasus', 'pembunuhan', 'brigadir', 'yosua', 'di', 'pengadil']",hari ini gantian richard eliezer yang melaksanakan sidang perdana atas kasus pembunuhan brigadir yosua di pengadil,hari ini gantian richard eliezer yang melaksanakan sidang perdana atas kasus pembunuhan brigadir yosua di pengadil,hari ganti richard eliezer laksana sidang perdana atas kasus bunuh brigadir yosua adil
84,84,"Korban meninggal peristiwa Kanjuruhan bertambah lagi, kini totalnya 133 orang. ğŸ˜¢ 

https://t.co/K3KJF2vXRD",0,korban meninggal peristiwa kanjuruhan bertambah lagi kini totalnya   orang,"['korban', 'meninggal', 'peristiwa', 'kanjuruhan', 'bertambah', 'lagi', 'kini', 'totalnya', 'orang']","['korban', 'meninggal', 'peristiwa', 'kanjuruhan', 'bertambah', 'lagi', 'kini', 'totalnya', 'orang']",korban meninggal peristiwa kanjuruhan bertambah lagi kini totalnya orang,korban meninggal peristiwa kanjuruhan bertambah lagi kini totalnya orang,korban tinggal peristiwa kanjuruhan tambah kini total orang
85,85,"Bakal gimana ya hasil transformasi dan reformasi sepak bola di Indonesia ini? ğŸ¤”

| Narasi Daily https://t.co/MfpJDnsagO",0,bakal gimana ya hasil transformasi dan reformasi sepak bola di indonesia ini narasi daily,"['bakal', 'gimana', 'ya', 'hasil', 'transformasi', 'dan', 'reformasi', 'sepak', 'bola', 'di', 'indonesia', 'ini', 'narasi', 'daily']","['bakal', 'gimana', 'ya', 'hasil', 'transformasi', 'dan', 'reformasi', 'sepak', 'bola', 'di', 'indonesia', 'ini', 'narasi', 'daily']",bakal gimana ya hasil transformasi dan reformasi sepak bola di indonesia ini narasi daily,bakal gimana ya hasil transformasi dan reformasi sepak bola di indonesia ini narasi daily,bakal gimana hasil transformasi reformasi sepak bola indonesia narasi daily
86,86,"""Dengan manajemen stadion, utamanya yang berkaitan dengan fasilitas2 di stadion, standarnya seperti apa. Yang keduaâ€¦ https://t.co/Jyu2d01mGR",0,dengan manajemen stadion utamanya yang berkaitan dengan fasilitas di stadion standarnya seperti apa yang kedua,"['dengan', 'manajemen', 'stadion', 'utamanya', 'yang', 'berkaitan', 'dengan', 'fasilitas', 'di', 'stadion', 'standarnya', 'seperti', 'apa', 'yang', 'kedua']","['dengan', 'manajemen', 'stadion', 'utamanya', 'yang', 'berkaitan', 'dengan', 'fasilitas', 'di', 'stadion', 'standarnya', 'seperti', 'apa', 'yang', 'kedua']",dengan manajemen stadion utamanya yang berkaitan dengan fasilitas di stadion standarnya seperti apa yang kedua,dengan manajemen stadion utamanya yang berkaitan dengan fasilitas di stadion standarnya seperti apa yang kedua,manajemen stadion utama kait fasilitas stadion standar apa dua
87,87,Stadion Kanjuruhan akan diruntuhkan dan dibangun kembali. Gagasan ini disampaikan Presiden Jokowi ke Presiden FIFAâ€¦ https://t.co/8f6gAu4z6I,0,stadion kanjuruhan akan diruntuhkan dan dibangun kembali gagasan ini disampaikan presiden jokowi ke presiden fifa,"['stadion', 'kanjuruhan', 'akan', 'diruntuhkan', 'dan', 'dibangun', 'kembali', 'gagasan', 'ini', 'disampaikan', 'presiden', 'jokowi', 'ke', 'presiden', 'fifa']","['stadion', 'kanjuruhan', 'akan', 'diruntuhkan', 'dan', 'dibangun', 'kembali', 'gagasan', 'ini', 'disampaikan', 'presiden', 'jokowi', 'ke', 'presiden', 'fifa']",stadion kanjuruhan akan diruntuhkan dan dibangun kembali gagasan ini disampaikan presiden jokowi ke presiden fifa,stadion kanjuruhan akan diruntuhkan dan dibangun kembali gagasan ini disampaikan presiden jokowi ke presiden fifa,stadion kanjuruhan runtuh bangun gagas sampai presiden jokowi presiden fifa
88,88,"Putri Candrawathi, sih, ngakunya enggak paham dakwaan yang disampaikan JPU. Menurutmu gimana?ğŸ¤”

| Narasi Daily https://t.co/u9OdTI5u6M",1,putri candrawathi sih ngakunya enggak paham dakwaan yang disampaikan jpu menurutmu gimana narasi daily,"['putri', 'candrawathi', 'sih', 'ngakunya', 'enggak', 'paham', 'dakwaan', 'yang', 'disampaikan', 'jpu', 'menurutmu', 'gimana', 'narasi', 'daily']","['putri', 'candrawathi', 'sih', 'ngakunya', 'enggak', 'paham', 'dakwaan', 'yang', 'disampaikan', 'jpu', 'menurutmu', 'gimana', 'narasi', 'daily']",putri candrawathi sih ngakunya enggak paham dakwaan yang disampaikan jpu menurutmu gimana narasi daily,putri candrawathi sih ngakunya enggak paham dakwaan yang disampaikan jpu menurutmu gimana narasi daily,putri candrawathi ngakunya enggak paham dakwa sampai jpu turut gimana narasi daily
89,89,"Berbeda dengan Ferdy Sambo, Bharada Richard Eliezer Pudihang Lumiu alias Bharada E memilih enggak mengajukan eksepsâ€¦ https://t.co/PV7hKpVCXC",1,berbeda dengan ferdy sambo bharada richard eliezer pudihang lumiu alias bharada memilih enggak mengajukan ekseps,"['berbeda', 'dengan', 'ferdy', 'sambo', 'bharada', 'richard', 'eliezer', 'pudihang', 'lumiu', 'alias', 'bharada', 'memilih', 'enggak', 'mengajukan', 'ekseps']","['berbeda', 'dengan', 'ferdy', 'sambo', 'bharada', 'richard', 'eliezer', 'pudihang', 'lumiu', 'alias', 'bharada', 'memilih', 'enggak', 'mengajukan', 'ekseps']",berbeda dengan ferdy sambo bharada richard eliezer pudihang lumiu alias bharada memilih enggak mengajukan ekseps,berbeda dengan ferdy sambo bharada richard eliezer pudihang lumiu alias bharada memilih enggak mengajukan ekseps,beda ferdy sambo bharada richard eliezer pudihang lumiu alias bharada pilih enggak aju ekseps
90,90,"Oo tiga periode... Kaya familiar ğŸ¤”ğŸ§

| Narasi Daily https://t.co/YFOrmMyeLe",1,oo tiga periode kaya familiar narasi daily,"['oo', 'tiga', 'periode', 'kaya', 'familiar', 'narasi', 'daily']","['oo', 'tiga', 'periode', 'kaya', 'familiar', 'narasi', 'daily']",oo tiga periode kaya familiar narasi daily,oo tiga periode kaya familiar narasi daily,oo tiga periode kaya familiar narasi daily
91,91,"Richard Eliezer mengaku menyesal dan meminta maaf kepada keluarga Brigadir Yosua saat sidang perdananya. 

Simak seâ€¦ https://t.co/J3vUGsqbK7",1,richard eliezer mengaku menyesal dan meminta maaf kepada keluarga brigadir yosua saat sidang perdananya simak se,"['richard', 'eliezer', 'mengaku', 'menyesal', 'dan', 'meminta', 'maaf', 'kepada', 'keluarga', 'brigadir', 'yosua', 'saat', 'sidang', 'perdananya', 'simak', 'se']","['richard', 'eliezer', 'mengaku', 'menyesal', 'dan', 'meminta', 'maaf', 'kepada', 'keluarga', 'brigadir', 'yosua', 'saat', 'sidang', 'perdananya', 'simak', 'se']",richard eliezer mengaku menyesal dan meminta maaf kepada keluarga brigadir yosua saat sidang perdananya simak se,richard eliezer mengaku menyesal dan meminta maaf kepada keluarga brigadir yosua saat sidang perdananya simak se,richard eliezer aku sesal minta maaf keluarga brigadir yosua sidang perdana simak se
92,92,Wakil Kepala Polresta Bogor Kota AKBP Ferdy Irawan bilang tembakan terpaksa dilakukan karena ketiga remaja itu mengâ€¦ https://t.co/7IJyZjOYIk,1,wakil kepala polresta bogor kota akbp ferdy irawan bilang tembakan terpaksa dilakukan karena ketiga remaja itu meng,"['wakil', 'kepala', 'polresta', 'bogor', 'kota', 'akbp', 'ferdy', 'irawan', 'bilang', 'tembakan', 'terpaksa', 'dilakukan', 'karena', 'ketiga', 'remaja', 'itu', 'meng']","['wakil', 'kepala', 'polresta', 'bogor', 'kota', 'akbp', 'ferdy', 'irawan', 'bilang', 'tembakan', 'terpaksa', 'dilakukan', 'karena', 'ketiga', 'remaja', 'itu', 'meng']",wakil kepala polresta bogor kota akbp ferdy irawan bilang tembakan terpaksa dilakukan karena ketiga remaja itu meng,wakil kepala polresta bogor kota akbp ferdy irawan bilang tembakan terpaksa dilakukan karena ketiga remaja itu meng,wakil kepala polresta bogor kota akbp ferdy irawan bilang tembak paksa laku tiga remaja meng
93,93,"Setelah dibacakan, Pengacara Richard Eliezer enggak mengajukan nota keberatan atas dakwaan Jaksa Penuntut Umum.
https://t.co/1maXrZbpqu",1,setelah dibacakan pengacara richard eliezer enggak mengajukan nota keberatan atas dakwaan jaksa penuntut umum,"['setelah', 'dibacakan', 'pengacara', 'richard', 'eliezer', 'enggak', 'mengajukan', 'nota', 'keberatan', 'atas', 'dakwaan', 'jaksa', 'penuntut', 'umum']","['setelah', 'dibacakan', 'pengacara', 'richard', 'eliezer', 'enggak', 'mengajukan', 'nota', 'keberatan', 'atas', 'dakwaan', 'jaksa', 'penuntut', 'umum']",setelah dibacakan pengacara richard eliezer enggak mengajukan nota keberatan atas dakwaan jaksa penuntut umum,setelah dibacakan pengacara richard eliezer enggak mengajukan nota keberatan atas dakwaan jaksa penuntut umum,baca acara richard eliezer enggak aju nota berat atas dakwa jaksa tuntut umum
94,94,"â€œSaya sangat menyesali perbuatan saya, namun saya hanya ingin menyatakan bahwa saya hanyalah seorang anggota yang tâ€¦ https://t.co/OcOyCE1SXU",1,saya sangat menyesali perbuatan saya namun saya hanya ingin menyatakan bahwa saya hanyalah seorang anggota yang,"['saya', 'sangat', 'menyesali', 'perbuatan', 'saya', 'namun', 'saya', 'hanya', 'ingin', 'menyatakan', 'bahwa', 'saya', 'hanyalah', 'seorang', 'anggota', 'yang']","['saya', 'sangat', 'menyesali', 'perbuatan', 'saya', 'namun', 'saya', 'hanya', 'ingin', 'menyatakan', 'bahwa', 'saya', 'hanyalah', 'seorang', 'anggota', 'yang']",saya sangat menyesali perbuatan saya namun saya hanya ingin menyatakan bahwa saya hanyalah seorang anggota yang,saya sangat menyesali perbuatan saya namun saya hanya ingin menyatakan bahwa saya hanyalah seorang anggota yang,sangat sali buat namun hanya nyata saya hanya orang anggota
95,95,"Kenapa sih maksa banget jadwal pertandingan di Kanjuruhan diadakan malam hari? ğŸ¤¨ 

Baca deh hasil laporan TGIPF yanâ€¦ https://t.co/bucW8JJQXO",1,kenapa sih maksa banget jadwal pertandingan di kanjuruhan diadakan malam hari baca deh hasil laporan tgipf yan,"['kenapa', 'sih', 'maksa', 'banget', 'jadwal', 'pertandingan', 'di', 'kanjuruhan', 'diadakan', 'malam', 'hari', 'baca', 'deh', 'hasil', 'laporan', 'tgipf', 'yan']","['kenapa', 'sih', 'maksa', 'banget', 'jadwal', 'pertandingan', 'di', 'kanjuruhan', 'diadakan', 'malam', 'hari', 'baca', 'deh', 'hasil', 'laporan', 'tgipf', 'yan']",kenapa sih maksa banget jadwal pertandingan di kanjuruhan diadakan malam hari baca deh hasil laporan tgipf yan,kenapa sih maksa banget jadwal pertandingan di kanjuruhan diadakan malam hari baca deh hasil laporan tgipf yan,sih maksa banget jadwal tanding kanjuruhan ada malam hari baca deh hasil lapor tgipf yan
96,96,"Kelima terdakwa dalam kasus pembunuhan Yosua tersebut, didakwa melanggar Pasal 340 subsider Pasal 338 juncto Pasalâ€¦ https://t.co/RWeMQ8YwrA",1,kelima terdakwa dalam kasus pembunuhan yosua tersebut didakwa melanggar pasal   subsider pasal   juncto pasal,"['kelima', 'terdakwa', 'dalam', 'kasus', 'pembunuhan', 'yosua', 'tersebut', 'didakwa', 'melanggar', 'pasal', 'subsider', 'pasal', 'juncto', 'pasal']","['kelima', 'terdakwa', 'dalam', 'kasus', 'pembunuhan', 'yosua', 'tersebut', 'didakwa', 'melanggar', 'pasal', 'subsider', 'pasal', 'juncto', 'pasal']",kelima terdakwa dalam kasus pembunuhan yosua tersebut didakwa melanggar pasal subsider pasal juncto pasal,kelima terdakwa dalam kasus pembunuhan yosua tersebut didakwa melanggar pasal subsider pasal juncto pasal,lima dakwa kasus bunuh yosua sebut dakwa langgar pasal subsider pasal juncto pasal
97,97,Lembaga Perlindungan Saksi dan Korban (LPSK) mengabulkan permohonan Richard Eliezer menjadi justice collaborator daâ€¦ https://t.co/75IHbYMQdO,1,lembaga perlindungan saksi dan korban lpsk mengabulkan permohonan richard eliezer menjadi justice collaborator da,"['lembaga', 'perlindungan', 'saksi', 'dan', 'korban', 'lpsk', 'mengabulkan', 'permohonan', 'richard', 'eliezer', 'menjadi', 'justice', 'collaborator', 'da']","['lembaga', 'perlindungan', 'saksi', 'dan', 'korban', 'lpsk', 'mengabulkan', 'permohonan', 'richard', 'eliezer', 'menjadi', 'justice', 'collaborator', 'da']",lembaga perlindungan saksi dan korban lpsk mengabulkan permohonan richard eliezer menjadi justice collaborator da,lembaga perlindungan saksi dan korban lpsk mengabulkan permohonan richard eliezer menjadi justice collaborator da,lembaga lindung saksi korban lpsk kabul mohon richard eliezer jadi justice collaborator da
98,98,"Eliezer beserta Ferdy Sambo, Putri Candrawathi, Ricky Rizal, dan Kuat Ma'ruf didakwa melakukan pembunuhan berencanaâ€¦ https://t.co/t9THUPByRE",1,eliezer beserta ferdy sambo putri candrawathi ricky rizal dan kuat maruf didakwa melakukan pembunuhan berencana,"['eliezer', 'beserta', 'ferdy', 'sambo', 'putri', 'candrawathi', 'ricky', 'rizal', 'dan', 'kuat', 'maruf', 'didakwa', 'melakukan', 'pembunuhan', 'berencana']","['eliezer', 'beserta', 'ferdy', 'sambo', 'putri', 'candrawathi', 'ricky', 'rizal', 'dan', 'kuat', 'maruf', 'didakwa', 'melakukan', 'pembunuhan', 'berencana']",eliezer beserta ferdy sambo putri candrawathi ricky rizal dan kuat maruf didakwa melakukan pembunuhan berencana,eliezer beserta ferdy sambo putri candrawathi ricky rizal dan kuat maruf didakwa melakukan pembunuhan berencana,eliezer serta ferdy sambo putri candrawathi ricky rizal kuat maruf dakwa laku bunuh rencana
99,99,Sidang perdana Bharada Richard Eliezer Pudihang Lumiu atau Bharada E akan kasus dugaan pembunuhan berencana Brigadiâ€¦ https://t.co/zy2KXx0tyk,1,sidang perdana bharada richard eliezer pudihang lumiu atau bharada akan kasus dugaan pembunuhan berencana brigadi,"['sidang', 'perdana', 'bharada', 'richard', 'eliezer', 'pudihang', 'lumiu', 'atau', 'bharada', 'akan', 'kasus', 'dugaan', 'pembunuhan', 'berencana', 'brigadi']","['sidang', 'perdana', 'bharada', 'richard', 'eliezer', 'pudihang', 'lumiu', 'atau', 'bharada', 'akan', 'kasus', 'dugaan', 'pembunuhan', 'berencana', 'brigadi']",sidang perdana bharada richard eliezer pudihang lumiu atau bharada akan kasus dugaan pembunuhan berencana brigadi,sidang perdana bharada richard eliezer pudihang lumiu atau bharada akan kasus dugaan pembunuhan berencana brigadi,sidang perdana bharada richard eliezer pudihang lumiu bharada kasus duga bunuh rencana brigadi
